"자치구","분류","시설명","주소","위도","경도","전화번호","비고","홈페이지","강습여부","실내/실외","주차장"
"중랑구","구기체육관","묵동다목적체육관","중랑구 숙선옹주로 66","37.6144169","127.0842018","949-5577","","http://www.jungnangimc.or.kr/","유","실내","주차 가능(일반 18면 / 장애인 2면)"
"중랑구","골프연습장","중랑청소년수련관 골프연습장","중랑구 용마산로 217","37.573171","127.0858392","490-0114 ","","http://www.jjang.or.kr/jjang/","유","실내","용마폭포공원 주차장 이용(시간당 1200원 / 5분당 100원)"
"중랑구","수영장","중랑천물놀이시설","중랑구 면목동 중랑천 장안교 ","37.580646","127.0773483","435-0990","","http://jungnangimc.or.kr/","무","실외","홈플러스 면목점 B동 이용 겸재로 2길 거주자 우선 주차 구역 이용(36면) "
"중랑구","수영장","망우청소년수련관 수영장","중랑구 송림길 156","37.6058844","127.1088479","492-7942","","http://http://mangwoo.kr/","유","실내","주차 가능"
"중랑구","수영장","중랑문화체육관 수영장","중랑구 사가정로72길 47","37.5792399","127.0959499","436-9200","","http://jungnangspo.seoul.kr","유","실내","주차 가능(51면)"
"중랑구","수영장","중랑구민체육센터 수영장","중랑구 신내로15길 189","37.6151721","127.0874763","3423-1070","","http://jungnangspo.seoul.kr","유","실내","주차 가능(36면)"
"중랑구","생활체육관","중랑청소년수련관","중랑구 용마산로 217","37.573171","127.0858392","490-0114 ","","http://www.jjang.or.kr/jjang/","유","실내","용마폭포공원 주차장 이용(시간당 1200원 / 5분당 100원)"
"중랑구","생활체육관","망우청소년수련관","중랑구 송림길 156","37.6058844","127.1088479","492-7942","","http://http://mangwoo.kr/","유","실내","주차 가능"
"중랑구","생활체육관","면목2동체육관","중랑구 겸재로 23길 27","37.5878763","127.0808914","495-5200","","http://jungnangspo.seoul.kr","유","실내","공영주차장 회원 2시간 무료"
"중랑구","생활체육관","중랑구민체육센터","중랑구 신내로 15길 189","37.6151721","127.0874763","3423-1070","","http://jungnangspo.seoul.kr","유","실내","비회원 30분당 1000원 / 회원 3시간 무료"
"중랑구","생활체육관","중랑문화체육관","중랑구 사가정로72길 47","37.5792399","127.0959499","436-9200","","http://jungnangspo.seoul.kr","유","실내","주차 가능(51면)"
"중랑구","생활체육관","중랑구민체육센터","중랑구 신내로15길 189","37.6151721","127.0874763","3423-1070","","http://jungnangspo.seoul.kr","유","실내","주차 가능(36면)"
"중랑구","학교체육시설","면일초등학교","중랑구 용마산로100길 13","37.592125","127.099679","437-8112","","www.myeonil.es.kr","무","실외","-"
"중랑구","테니스장","용마폭포공원테니스장","중랑구 용마산로 250-12","37.5733026","127.0891138","436-6543","3면","http://www.jungnangimc.or.kr/","유","실외","시간당 1200원 / 5분당 100원"
"중랑구","축구장","용마폭포공원축구장","중랑구 용마산로 250-12","37.5733026","127.0891138","436-3466","13304㎡","http://jungnangimc.or.kr/","무","실외","시간당 1200원 / 5분당 100원"
"중랑구","클라이밍장","중랑스포츠클라이밍경기장","중랑구 용마산로 250-12","37.5733026","127.0891138","070-4193-6108","","http://cafe.daum.net/juscs","유","실외","용마폭포공원 주차장 이용(시간당 1200원 / 5분당 100원)"
"중랑구","야구장","신내차량기지체육시설","중랑구 용마산로 136-33","37.6115753","127.1077606","432-4453","","http://www.jungnangimc.or.kr/","무","실외","주차 가능"
"중랑구","테니스장","신내3지구 중랑IC하부","중랑구 신내동 3 일원","37.61176","127.114493","-","8면","-","무","실외","-"
"중랑구","축구장","중랑구립잔디운동장","중랑구 망우동 73-2","37.6068611","127.1130279","2094-2949","13304㎡","http://jungnangimc.or.kr/","무","실외","주차 가능"
"중랑구","축구장","신내차량기지체육시설","중랑구 용마산로 136-33","37.6115753","127.1077606","432-4453","","http://www.jungnangimc.or.kr/","무","실외","주차 가능"
"중랑구","축구장","용마폭포공원축구장","중랑구 용마산로 250-12","37.5733026","127.0891138","436-3466","13304㎡","http://www.jungnangimc.or.kr/","무","실외","10분당 200원/ 1일 3000원 "
"중랑구","구기체육관","신내다목적체육관","중랑구 신내로 21길 115-14","37.6112146","127.0894479","3422-4350","8면","http://www.jungnangimc.or.kr/","유","실내","주차 불가"
"중구","골프연습장","회현체육센터 골프연습장","중구 퇴계로 12길 78","37.5560011","126.9816226","2280-8430","617.90㎡","http://www.e-junggu.or.kr","유","실내","2시간 무료"
"중구","게이트볼장","손기정체육공원게이트볼장","중구 만리동1가 57-7","37.5566797","126.9656754","313-7985","","-","무","실외","손기정체육공원공영주차장 5분당 150원(194면)"
"중구","족구장","손기정체육공원족구장","중구 만리동2가","37.5547643","126.964253","313-7985","","-","무","실외","손기정체육공원공영주차장 5분당 150원(194면)"
"중구","구기체육관","장충체육관","중구 동호로 241","37.5581465","127.0065932","2128-2800","","http://www.sisul.or.kr/","무","실내","5분당 400원 / 1시간 4800원 / 3시간 14400원(63면)"
"중구","생활체육관","훈련원공원종합체육관","중구 을지로 227","37.5672983","127.0037006","2280-8397","","http://www.e-junggu.or.kr","유","실내","5분당 400원"
"중구","구기체육관","무학봉체육관","중구 난계로6길 8","37.5622347","127.0245439","2280-8426","","http://www.e-junggu.or.kr","무","실내","주차 가능(5면)"
"중구","생활체육관","회현체육센터","중구 퇴계로 12길 78","37.5560011","126.9816226","2280-8430","","http://www.e-junggu.or.kr","유","실내","2시간 무료"
"중구","학교체육시설","봉래초등학교","중구 중림동 손기정로 73","37.556395","126.963877","392-5469","","seoul-bongrae.es.kr","무","실외","-"
"중구","학교체육시설","청구초등학교","중구 신당4동 330-2","37.558454","127.013933","2252-1866","","cheonggu.es.kr","무","실외","-"
"중구","학교체육시설","장충고등학교","중구 동호로15길 93","37.552681","127.006451","2231-6905","","jangchung.hs.kr","무","실외","-"
"중구","국궁장","석호정","중구 장충동2가 산14-21 ","37.5544763","126.9998343","2266-0665","","http://cafe.daum.net/SUKHOJUNG","유","실외","국립극장 주차장 이용"
"중구","야구장","장충리틀야구장","중구 장충동2가 산 7-55","37.5535321","126.9948616","2268-4667","1면","http://www.littleleague.co.kr/","무","실외","주차 가능(15면)"
"중구","생활체육관","충무아트홀 스포츠센터","중구 퇴계로 387","37.5660139","127.0148131","5580-8400","","http://www.e-junggu.or.kr","유","실내","주차권 미구매자 10분당 500원"
"중구","생활체육관","남산타운문화체육센터","중구 다산로 32","37.5491389","127.0093824","2280-8480","","http://www.e-junggu.or.kr","유","실내","주차 가능"
"중구","생활체육관","장충문화체육센터","중구 퇴계로 50길 59","37.5599201","127.001293","2280-8466","","http://www.e-junggu.or.kr","유","실내","장충공영주차장"
"중구","생활체육관","손기정문화체육센터","중구 손기정로 101 ","37.5556652","126.9645497","2280-8460","","http://www.e-junggu.or.kr","유","실내","-"
"중구","수영장","충무아트홀 스포츠센터 수영장","중구 퇴계로 387","37.5660139","127.0148131","5580-8400","8레인","http://www.e-junggu.or.kr","유","실내","주차권 미구매자 10분당 500원"
"중구","수영장","회현체육센터 수영장","중구 퇴계로 12길 78","37.5560011","126.9816226","2280-8430","1030㎡","http://www.e-junggu.or.kr","유","실내","2시간 무료"
"중구","축구장","손기정체육공원 인조잔디축구장","중구 손기정로 101 ","37.556458","126.965988","313-7985","1면","-","무","실외","손기정체육공원공영주차장 5분당 150원(194면)"
"중구","테니스장","손기정체육공원테니스장","중구 만리동2가","37.554285","126.96648","313-7985","2면","-","무","실외","손기정체육공원공영주차장 5분당 150원(194면)"
"중구","테니스장","KTA장충장호테니스장 ","장충동2가 산14-103","37.554380","127.001957","2280-8426","9면","http://www.kortennis.co.kr/index.html","유","실외","주차 가능"
"중구","골프연습장","충무아트홀 스포츠센터 골프연습장","중구 퇴계로 387","37.5660139","127.0148131","5580-8400","37타석","http://www.e-junggu.or.kr","유","실내","주차권 미구매자 10분당 500원"
"중구","골프연습장","손기정문화체육센터 골프연습장","중구 손기정로 101 ","37.5556652","126.9645497","2280-8460","132㎡","http://www.e-junggu.or.kr","유","실내","-"
"종로구","수영장","올림픽기념국민생활관 수영장","종로구 성균관로 91","37.590434","126.9987747","745-6701","레인당 2.5m","http://www.ijongno.co.kr/front/main/11","유","실내",""
"종로구","탁구장","종로구립탁구 전용구장","종로구 송월길 154","37.571885","126.961969","2148-5184","8대","jongno.go.kr","유","실내","-"
"종로구","배드민턴장","인왕배드민턴장","종로구 누상동 산1-38","37.5801935","126.9624337","2148-2835","4면","-","무","실외","-"
"종로구","배드민턴장","무악배드민턴장","종로구 무악동 48","37.5778359","126.9583863","2148-2835","","-","무","실외","-"
"종로구","배드민턴장","중앙배드민턴장","종로구 사직동 산1-9","37.5770359","126.9656769","2148-2835","","-","무","실외","-"
"종로구","배드민턴장","숭인공원배드민턴장","종로구 숭인동 58-100","37.5768198","127.0180263","2148-2843","42943㎡","-","무","실외","-"
"종로구","생활체육관","종로구민회관","종로구 지봉로5길 7-5","37.5734636","127.0143719","3672-2530","","http://www.ijongno.co.kr/front/main/21","유","실내","회원 3시간 무료 /  비회원 최초30분 1000원 초과 5분당 250원"
"종로구","배드민턴장","삼청공원배드민턴장","종로구 북촌로 134-3","37.5893704","126.9803132","2148-2842","","-","무","실외","-"
"종로구","배드민턴장","와룡공원배드민턴장","종로구 와룡공원길 192","37.5897312","126.9871209","2148-2842","4면","-","무","실외","-"
"종로구","테니스장","삼청테니스장","종로구 삼청로156","37.5893704","126.9803132","2148-4068","4면","http://www.ijongno.co.kr","유","실외","-"
"종로구","학교체육시설","청운초등학교","종로구 청운동 자하문로 105","37.585788","126.969468","737-0218","","chungwoon.es.kr","무","실외","-"
"종로구","생활체육관","종로문화체육센터","종로구 인왕산로1길 21","37.5742102","126.9646484","732-9392","","http://www.ijongno.co.kr/front/main/41","유","실내","회원 3시간 무료 / 비회원 기본 30분 1000원 초과 10분당 500원"
"종로구","생활체육관","올림픽기념국민생활관","종로구 성균관로 91","37.590434","126.9987747","745-6701","","http://www.ijongno.co.kr/front/main/11","유","실내","회원 3시간 무료 /  비회원 최초30분 1000원 초과 5분당 250원"
"종로구","생활체육관","동부여성문화센터","종로구 창신길 124","37.5768851","127.0098844","3675-5861","","http://www.ijongno.co.kr/front/main/31","유","실내","주차 가능"
"종로구","생활체육관","청소년문화센터","종로구 명륜길?90 ","37.5906034","126.9933679","3675-1318 ","","http://www.ijongno.co.kr/front/program/32/01","유","실내","주차 불가"
"종로구","수영장","종로구민회관 수영장","종로구 지봉로5길 7-5","37.5734636","127.0143719","3672-2530","","http://www.ijongno.co.kr/front/main/21","유","실내",""
"종로구","국궁장","황학정 ","종로구 자하문로1길 56 ","37.577925","126.964215","723-6793","","http://www.hwanghakjeong.org/","무","실외","-"
"은평구","테니스장","장미동산테니스장","은평구 진흥로 290","37.6065933","126.9391849","351-8007","2면","https://cult.ep.go.kr/CmsWeb/viewPage.req?idx=PG0000003354","무","실외","-"
"은평구","풋살장","진관풋살구장","은평구 진관동 246-20","37.629995","126.9165091","351-6554","2면","https://cult.ep.go.kr/CmsWeb/viewPage.req?idx=PG0000003353","무","실외","-"
"은평구","풋살장","증산풋살구장","은평구 증산로5길 35-27","37.5843135","126.9032884","351-6554","3면","https://cult.ep.go.kr/CmsWeb/viewPage.req?idx=PG0000003352","무","실외","무료"
"은평구","배구장","은평구생활체육광장","은평구 증산로5길 35-27","37.5843135","126.9032884","351-8007","","https://cult.ep.go.kr/CmsWeb/viewPage.req?idx=PG0000003351","무","실외","무료"
"은평구","족구장","은평구생활체육광장","은평구 증산로5길 35-27","37.5843135","126.9032884","351-8007","","https://cult.ep.go.kr/CmsWeb/viewPage.req?idx=PG0000003350","무","실외","무료"
"은평구","농구장","은평구생활체육광장","은평구 증산로5길 35-27","37.5843135","126.9032884","351-8007","","https://cult.ep.go.kr/CmsWeb/viewPage.req?idx=PG0000003349","무","실외","무료"
"은평구","축구장","은평구생활체육광장","은평구 증산로5길 35-27","37.5843135","126.9032884","351-6554","46100㎡","https://cult.ep.go.kr/CmsWeb/viewPage.req?idx=PG0000003348","무","실외","무료"
"은평구","구기체육관","백련실내배드민턴장","은평구 백련산로 4길 26","37.5957943","126.9247225","350-5333","674㎡","http://www.efmc.or.kr/public_html/sports/","무","실내","무료"
"은평구","테니스장","은평구민체육센터 테니스장","은평구 진관1로 40 ","37.6304386","126.9236287","350-5333","3면","http://www.efmc.or.kr/public_html/sports/","유","실외","무료"
"은평구","골프연습장","은평청소년수련관 골프연습장","은평구 응암동 산6-46","37.594517","126.924696","383-9966","","http://www.woori1318.or.kr/","유","실내","-"
"은평구","골프연습장","은평구민체육센터 골프연습장","은평구 진관1로 40 ","37.6304386","126.9236287","350-5333","1면","http://www.efmc.or.kr/public_html/sports/","유","실내","주차 가능(71면)"
"은평구","축구장","은평구립축구장","은평구 진관1로 46 ","37.6305699","126.9246861","350-5333","1면","http://www.efmc.or.kr/public_html/sports/","유","실외","주차 가능(71면)"
"은평구","수영장","은평청소년수련관 수영장","은평구 응암동 산6-46","37.594517","126.924696","383-9966","","http://www.woori1318.or.kr/","유","실내","-"
"은평구","생활체육관","은평청소년수련관 체육관","은평구 응암동 산6-46","37.594517","126.924696","383-9966","","http://www.woori1318.or.kr/","유","실내","-"
"은평구","수영장","은평구민체육센터 수영장","은평구 진관1로 40 ","37.6304386","126.9236287","350-5333","2332㎡","http://www.efmc.or.kr/public_html/sports/","유","실내","주차 가능(71면)"
"은평구","구기체육관","은평다목적체육관","은평구 진관1로 52","37.6335071","126.9260151","350-5325","","http://www.efmc.or.kr/public_html/sports/","유","실내","주차 가능(30면)"
"은평구","생활체육관","은평구민체육센터","은평구 진관1로 40 ","37.6304386","126.9236287","350-5333","","http://www.efmc.or.kr/public_html/sports/","유","실내","주차 가능(71면)"
"은평구","학교체육시설","예일여자고등학교","은평구 구산동 연서로 117","37.610748","126.915369","380-0812","","https://yale.hs.kr/","무","실외","-"
"은평구","학교체육시설","증산초등학교","은평구 증산동 증산서길 61","37.582793","126.904188","306-4550","","http://jeungsancho.es.kr/","무","실외","-"
"은평구","게이트볼장","진관게이트볼장","은평구 진관동 16-20 ","37.6444095","126.9308276","351-8007","1면","https://cult.ep.go.kr/CmsWeb/viewPage.req?idx=PG0000003358","무","실외","-"
"은평구","게이트볼장","기자촌근린공원 게이트볼장","은평구 진관동 175-104","37.6324813","126.9368536","351-8007","","https://cult.ep.go.kr/CmsWeb/viewPage.req?idx=PG0000003357","무","실외","주차 가능"
"은평구","게이트볼장","신사근린공원 게이트볼장","은평구 신사2동 산80-4 ","37.5918604","126.909889","351-8007","1면","https://cult.ep.go.kr/CmsWeb/viewPage.req?idx=PG0000003356","무","실외","-"
"은평구","게이트볼장","장미동산게이트볼장","은평구 진흥로 290","37.6065933","126.9391849","351-8004","2면","https://cult.ep.go.kr/CmsWeb/viewPage.req?idx=PG0000003355","무","실외","-"
"용산구","농구장","효창공원 농구장","용산구 효창동 255","37.5450249","126.9597415","713-1410 ","","-","무","실외","효창공원공영주차장 이용"
"용산구","배드민턴장","동작대교하부 배드민턴장","용산구 용산동6가 69-11","37.518032","126.983225","-","","-","무","실외","-"
"용산구","게이트볼장","동작대교하부 게이트볼장","용산구 용산동6가 69-11","37.5179703","126.9832381","-","","-","무","실외","-"
"용산구","학교체육시설","삼광초등학교","용산구 두텁바위로1나길 19","37.547213","126.976576","754-0251","","www.seoulsamkwang.es.kr","무","실외","-"
"용산구","학교체육시설","중경고등학교","용산구 이촌1동 이촌로84길 34","37.517753","126.975711","793-4154","","http://jungkyung.hs.kr/","무","실외","-"
"용산구","학교체육시설","이태원초등학교","용산구 녹사평대로40길 19","37.536017","126.987992","795-2809","","itaewon.es.kr","무","실외","-"
"용산구","학교체육시설","원효초등학교","용산구 효창원로13길 38","37.536034","126.951767","3272-9589","","http://wonhyo.es.kr/","무","실외","-"
"용산구","생활체육관","용산문화체육센터","용산구 백범로 350","37.5372099","126.9676133","707-2492","","http://www.yongsangu-sc.or.kr/","유","실내","주차 가능(21면)"
"용산구","생활체육관","효창종합사회복지관 체육관","용산구 효창원로 146-12","37.5412123","126.9629843","716-0600","","https://www.hyochang.or.kr:6017/","유","실내","지상(10면) 지하(7면)"
"용산구","생활체육관","갈월종합사회복지관 체육관","용산구 두텁바위로 25","37.5466654","126.9796091","752-7887","","http://www.galwol.or.kr/","유","실내","주차 가능"
"용산구","생활체육관","용산청소년수련관","용산구 이촌로71길 24","37.5211816","126.9732349","749-0102","","http://www.youthpool.or.kr","유","실내","주차 가능"
"용산구","수영장","용산문화체육센터 수영장","용산구 백범로 350","37.5372099","126.9676133","707-2492","932.04㎡","http://www.yongsangu-sc.or.kr/","유","실내","주차 가능(21면)"
"용산구","수영장","갈월종합사회복지관 수영장","용산구 두텁바위로 25","37.5466654","126.9796091","752-7887","1253.7㎡","http://www.galwol.or.kr/","유","실내","주차 가능"
"용산구","수영장","효창종합사회복지관 수영장","용산구 효창원로 146-12","37.5412123","126.9629843","716-0600","940.00 ㎡","https://www.hyochang.or.kr:6017/","유","실내","지상(10면) 지하(7면)"
"용산구","수영장","용산청소년수련관 수영장","용산구 이촌로71길 24","37.5211816","126.9732349","749-0102","513.42㎡","http://www.youthpool.or.kr","유","실내","주차 가능"
"용산구","생활체육관","북한강치안센터","","","","","","","","",""
"용산구","축구장","효창운동장","용산구 효창동 효창원로 177-15","37.543390","126.961127","713-1410","1면","http://stadium.seoul.go.kr/intro/intro_04_03_05.html ","무","실외","10분당 300원 일일 20000원"
"용산구","축구장","이촌한강공원 축구장","용산구 이촌동 375-1","37.517711","126.970219","3780-0551","2면","http://hangang.seoul.go.kr/archives/46695","무","실외","이촌한강공원 공영주차장 최초 30분 1000원 추가 10분당 200원 (172면)"
"용산구","축구장","이촌한강공원 거북축구장","용산구 이촌로72길 62","37.517396","126.971555","3780-0551","","http://hangang.seoul.go.kr/archives/46695","무","실외","이촌한강공원 공영주차장 최초 30분 1000원 추가 10분당 200원 (172면)"
"용산구","축구장","이촌한강공원 축구교육장","용산구 이촌로 72길 62","37.517710","126.970216","796-7979","3면","https://www.fcchaboom.net/","유","실외","거북선 나루터 앞 주차장 이용"
"용산구","게이트볼장","이촌한강공원","용산구 이촌동 375-1","37.5219225","126.9597682","3780-0551","2면","http://hangang.seoul.go.kr/archives/46695","무","실외","이촌한강공원 공영주차장 최초 30분 1000원 추가 10분당 200원 (172면)"
"용산구","테니스장","이촌한강공원","용산구 이촌동 360","37.516459","126.985271","794-6610","8면","http://hangang.seoul.go.kr/archives/46695","무","실외","이촌한강공원 공영주차장 최초 30분 1000원 추가 10분당 200원 (172면)"
"용산구","족구장","이촌한강공원","용산구 이촌동 360","37.5201563","126.9648856","3780-0551","4면","http://hangang.seoul.go.kr/archives/46695","무","실외","이촌한강공원 공영주차장 최초 30분 1000원 추가 10분당 200원 (172면)"
"용산구","농구장","이촌한강공원","용산구 이촌동 360","37.5201563","126.9648856","3780-0551","2면","http://hangang.seoul.go.kr/archives/46695","무","실외","이촌한강공원 공영주차장 최초 30분 1000원 추가 10분당 200원 (172면)"
"용산구","배구장","이촌한강공원","용산구 이촌동 360","37.515693","126.985271","3780-0551","1면","http://hangang.seoul.go.kr/archives/46695","무","실외","이촌한강공원 공영주차장 최초 30분 1000원 추가 10분당 200원 (172면)"
"용산구","인라인스케이트장","이촌한강공원1","용산구 이촌동 361","37.516459","126.973162","790-6385","","http://hangang.seoul.go.kr/archives/46695","무","실외","이촌한강공원 공영주차장 최초 30분 1000원 추가 10분당 200원 (172면)"
"용산구","인라인스케이트장","이촌한강공원2","용산구 이촌동 361","37.516459","126.973162","790-6385","","http://hangang.seoul.go.kr/archives/46695","무","실외","이촌한강공원 공영주차장 최초 30분 1000원 추가 10분당 200원 (172면)"
"용산구","테니스장","응봉근린공원 한남테니스장","용산구 한남동 726-180","37.546854","127.003930","790-3651","12면","http://www.hannamtennis.com/","유","실외","주차 가능"
"용산구","배드민턴장","효창공원 배드민턴장","용산구 효창원로 177-18","37.544758","126.962475","713-1410 ","","-","무","실외","효창공원공영주차장 이용"
"용산구","게이트볼장","효창공원 게이트볼장","용산구 효창동 255","37.5450249","126.9597415","713-1410 ","","-","무","실외","효창공원공영주차장 이용"
"용산구","게이트볼장","청파3가 게이트볼장","용산구 청파동3가 118-263","37.543423","126.965976","-","","-","무","실외","-"
"영등포구","축구장","영롱이 갈대2구장","영등포구 양평2동 안양천변","37.543672","126.886243","2670-3522","1면","http://yeyak.seoul.go.kr/","무","실외","주차 불가"
"영등포구","축구장","영롱이 갈대1구장","영등포구 양화동 8-3","37.5179868","126.8813009","2670-3522","1면","http://yeyak.seoul.go.kr/","무","실외","주차 불가"
"영등포구","학교체육시설","선유중학교","영등포구 선유로 213","37.532881","126.894325","2633-4147","","http://www.seonyoo.ms.kr/ ","무","실외","-"
"영등포구","축구장","양화한강공원 축구장","영등포구 양화동 1-4","37.538351","126.902254","631-8290","-","-","무","실외","양화한강공원 주차장 이용(525면)"
"영등포구","축구장","영롱이 억새3구장","영등포구 문래동 6가 52","37.521468","126.880755","2670-3522","1면","http://yeyak.seoul.go.kr/","무","실외","주차 불가"
"영등포구","배드민턴장","도림2동유수지내체육시설","영등포구 도림동 254","37.506794","126.897350","-","12면","-","무","실외","-"
"영등포구","클라이밍장","도림2동유수지내체육시설","영등포구 도림동 254","37.506794","126.897350","-","","-","무","실외","-"
"영등포구","족구장","오목교족구장","영등포구 양평동 488","37.5249456","126.8805578","2670-3521","4면","-","무","실외","-"
"영등포구","빙상장","여의 아이스파크","영등포구 여의공원로 68","37.5268082","126.9223229","070-4242-1222","","https://yicepark.com/","무","실외","여의도공원 노상주차장 5분당 500원 한강시민공원 주차장 이용"
"영등포구","학교체육시설","여의도중학교","영등포구 국제금웅로7길 46","37.523907","126.935828","2199-9600","","http://www.yeouido.ms.kr/","무","실외","-"
"영등포구","족구장","도림2동유수지내체육시설","영등포구 도림동 254","37.506794","126.897350","-","1면","-","무","실외","-"
"영등포구","생활체육관","영등포 제1스포츠센터","영등포구 신풍로 1","37.500488","126.9062483","2650-1500","","http://www.y-sisul.or.kr/","유","실내","회원 3시간 무료(77면)"
"영등포구","풋살장","영등포공원 풋살경기장","영등포구 신길로 275","37.5157786","126.9122002","2670-3715","1면","-","무","실외","영등포본동 공영주차장 5분 100원"
"영등포구","생활체육관","영등포 제2스포츠센터","영등포구 국회대로 615","37.526651","126.902642","2630-2900","","http://www.y-sisul.or.kr/","유","실내","회원 2시간 무료(48면)"
"영등포구","생활체육관","신길종합사회복지관 체육관","영등포구 영등포로84길 24-5","37.511035","126.921387","831-2755","","singil.weelsystem.co.kr ","유","실내","주차 가능"
"영등포구","생활체육관","문래청소년수련관 체육관","영등포구 문래로 110 ","37.51896","126.894073","2167-0100","","www.mullaeyouth.or.kr ","유","실내","-"
"영등포구","수영장","영등포 제1스포츠센터 수영장","영등포구 신풍로 1","37.500488","126.9062483","2650-1500","","http://www.y-sisul.or.kr/","유","실내","회원 3시간 무료(77면)"
"영등포구","수영장","영등포 제2스포츠센터 수영장","영등포구 국회대로 615","37.526651","126.902642","2630-2900","","http://www.y-sisul.or.kr/","유","실내","회원 2시간 무료(48면)"
"영등포구","수영장","신길종합복지관 수영장","영등포구 영등포로84길 24-5","37.511035","126.921387","831-2755","25M 6레인","singil.weelsystem.co.kr ","유","실내","주차 가능"
"영등포구","수영장","문래청소년수련관 수영장","영등포구 문래로 110 ","37.518781","126.893977","2167-0100","","www.mullaeyouth.or.kr ","유","실내","-"
"영등포구","수영장","여의도 한강공원 수영장","영등포구 여의동로 330","37.533493","126.920543","785-0478","","http://hangang.seoul.go.kr/","무","실외","여의도한강공원 1~5주차장 이용 / 최초 30분 2000원 초과 10분당 300원"
"영등포구","골프연습장","영등포 제1스포츠센터 골프연습장","영등포구 신풍로 1","37.500488","126.9062483","2650-1500","","http://www.y-sisul.or.kr/","유","실내","회원 3시간 무료(77면)"
"영등포구","골프연습장","여의도 한강공원 파크골프장","영등포구 여의도동 70-1","37.51919","126.942753","3780-0561","","http://hangang.seoul.go.kr/","유","실외","여의도한강공원 1~5주차장 이용 / 최초 30분 2000원 초과 10분당 300원"
"영등포구","테니스장","대림체육공원 테니스장","영등포구 도신로 1-16","37.504335","126.895196","-","3면","-","무","실외","주차 불가"
"영등포구","축구장","대림체육공원 축구장","영등포구 도신로 1-16","37.504335","126.895196","-","1면","-","무","실외","주차 불가"
"영등포구","농구장","대림체육공원 농구장","영등포구 도신로 1-16","37.504335","126.895196","-","1면","-","무","실외","주차 불가"
"영등포구","인라인스케이트장","영롱이 인라인장","","","","","","","","",""
"영등포구","배드민턴장","대림체육공원 배드민턴장","영등포구 도신로 1-16","37.504335","126.895196","-","","-","무","실외","주차 불가"
"영등포구","배구장","양화한강공원 배구장","영등포구 양화동 1-4","37.538351","126.902254","3780-0581","","-","무","실외","양화한강공원 주차장 이용(525면)"
"영등포구","농구장","양화한강공원 농구장","영등포구 양화동 1-4","37.538351","126.902254","3780-0581","","-","무","실외","양화한강공원 주차장 이용(525면)"
"영등포구","풋살장","성산대교풋살장","영등포구 양화동 1-113","37.546533","126.8882346","-","","-","무","실외","양화한강공원 주차장 이용(525면)"
"영등포구","축구장","영롱이 억새1구장","영등포구 문래동 6가 52","37.519267","126.880755","2670-3522","1면","http://yeyak.seoul.go.kr/","무","실외","주차 불가"
"영등포구","축구장","영롱이 억새2구장","영등포구 문래동 6가 52","37.520316","126.880725","2670-3522","1면","http://yeyak.seoul.go.kr/","무","실외","주차 불가"
"영등포구","축구장","대림운동장 인조잔디구장","영등포구 대림동 780","37.4996112","126.8948104","2670-3522","1면","-","무","실외","대림운동장 지하주차장 이용 10분 100원(192면)"
"영등포구","축구장","영롱이 갈대3구장","영등포구 양평2동 안양천변","37.542727","126.886752","2670-3522","1면","http://yeyak.seoul.go.kr/","무","실외","주차 불가"
"양천구","축구장","목동다목적경기장","양천구 안양천로 939","37.5283271","126.8800082","2649-7143","","http://stadium.seoul.go.kr/","무","실외","주차 가능"
"양천구","인라인스케이트장","안양천체육생태공원 인라인스케이트장","양천구 신정동 871-4","37.52041","126.879192","860-3114","2면","http://www.guro.go.kr/culture/sports/","무","실외","-"
"양천구","농구장","안양천체육생태공원 농구장","양천구 신정동 871-4","37.52041","126.879192","860-3114","2면","http://www.guro.go.kr/culture/sports/","무","실외","-"
"양천구","간이운동장","해누리체육공원","양천구 안양천로 711","37.5283271","126.8800082","2652-3453","","http://www.ycs.or.kr/","유","실외","주차 가능"
"양천구","학교체육시설","신목고등학교","양천구 신정동 안양천로 739","37.512802","126.873574","070-8720-5010","","http://shinmok.hs.kr/","무","실외","-"
"양천구","학교체육시설","정목초등학교","양천구 목동 중앙로3길 30-10","37.537273","126.870291","2644-0840","","http://www.jeongmok.es.kr/","무","실외","-"
"양천구","족구장","안양천체육생태공원 족구장","양천구 신정동 871-4","37.52041","126.879192","860-3114","","http://www.guro.go.kr/culture/sports/","무","실외","-"
"양천구","야구장","안양천체육생태공원 야구장","양천구 신정동 871-4","37.52041","126.879192","860-3114","1면","http://www.guro.go.kr/culture/sports/","무","실외","-"
"양천구","골프연습장","안양천체육생태공원 파크골프장","양천구 목동 411","37.54164","126.885243","-","5000㎡","-","무","실외","-"
"양천구","테니스장","목동테니스장","양천구 목동동로 298","37.5286789","126.8785006","2643-0686","18면","http://www.ycs.or.kr/","유","실외","주차 가능"
"양천구","빙상장","목동종합운동장 목동아이스링크","양천구 안양천로 939","37.5305809","126.8810483","2652-3888","","http://www.mdicerink.co.kr/","유","실내","주차 가능"
"양천구","족구장","오목교족구장","영등포구 양평동 488","37.5249456","126.8805578","2670-3522","","https://yeyak.seoul.go.kr/","무","실외","-"
"양천구","배드민턴장","용왕산실내배드민턴장","양천구 용왕정길 목동 202-16","37.5436283","126.8779655","2620-3400","6면","-","무","실내","-"
"양천구","야구장","목동야구장","양천구 안양천로 939","37.5305809","126.8810483","2640-3808","1면","http://stadium.seoul.go.kr/","무","실외","목동종합운동장 주차장 한마음 공영주차장 이용"
"양천구","야구장","신월야구장","양천구 신월동 149-20 ","37.5303487","126.8267642","2699-6407","1면","http://stadium.seoul.go.kr/","무","실외","주변 공영주차장 이용"
"양천구","다목적운동장","용왕산근린공원 다목적운동장","양천구 목동중앙로 143","37.5436283","126.8779655","2620-3570","1면","-","무","실외","-"
"양천구","육상경기장","목동종합운동장 주경기장","양천구 안양천로 939","37.5305809","126.8810483","2652-3888","","http://stadium.seoul.go.kr/","무","실외","주차 가능"
"양천구","골프연습장","목동문화체육센터 골프연습장","양천구 목동중앙본로 73","37.5427705","126.8690841","2062-1862~4","6개 타석","http://www.ycs.or.kr/","유","실내","-"
"양천구","축구장","해누리체육공원","양천구 신정동 330-4","37.511936","126.872926","2652-3453","인조잔디축구장 2면 풋살장 4면 족구장 3면","http://www.ycs.or.kr/","유","실외","-"
"양천구","축구장","해마루축구장","양천구 신정동 871-3","37.518164","126.878393","2620-3591","","-","무","실외","-"
"양천구","축구장","해누리축구장B","양천구 안양천로 711","37.511909","126.872159","2061-3417","","http://www.ycs.or.kr","무","실외","주차 가능"
"양천구","축구장","해누리축구장A","양천구 안양천로 711","37.511339","126.872454","2061-3417","","http://www.ycs.or.kr","무","실외","주차 가능"
"양천구","수영장","서부여성발전센터 수영장","양천구 남부순환로 371","37.534153","126.829901","2607-8791","","http://seobu.seoulwomanup.or.kr/","유","실내","후문 위치 인근 공영주차장 이용 권장"
"양천구","수영장","목동청소년수련관 수영장","양천구 목동서로 143","37.531013","126.875386","2642-1318","","http://www.wawa.or.kr/","유","실내","-"
"양천구","수영장","목동문화체육센터 수영장","양천구 목동중앙본로 73","37.5427705","126.8690841","2062-1862~4","6개 레인","http://www.ycs.or.kr/","유","실내","-"
"양천구","수영장","신월문화체육센터 수영장","양천구 지양로 47","37.5199255","126.8348562","2605-4093-5","447.48㎡","http://www.ycs.or.kr/","유","실내","해맞이 공영주차장 이용(최대 2시간 무료)"
"양천구","수영장","양천구민체육센터 수영장","양천구 목동동로 87","37.5161786","126.8644212","2652-1792","25M 7레인","http://www.ycs.or.kr/","유","실내","주차 가능(65면)"
"양천구","생활체육관","목동청소년수련관 체육관","양천구 목동서로 143","37.531013","126.875386","2642-1318","","http://www.wawa.or.kr/","유","실내","-"
"양천구","생활체육관","양천주민편익시설","양천구 목동 900","37.539806","126.882697","2652-8084","","http://www.ycymca.or.kr/","유","실내","회원 3시간 무료"
"양천구","구기체육관","계남다목적체육관","양천구 신정로 273-5","37.5130177","126.850537","2606-9301~2","배드민턴15면 배구4면","http://www.ycs.or.kr/","유","실내","주차 가능(103면)"
"양천구","생활체육관","목동문화체육센터","양천구 목동중앙본로 73","37.5427705","126.8690841","2062-1862~4","","http://www.ycs.or.kr/","유","실내","-"
"양천구","생활체육관","신월문화체육센터","양천구 지양로 47","37.5199255","126.8348562","2605-4093-5","","http://www.ycs.or.kr/","유","실내","해맞이 공영주차장 이용(최대 2시간 무료)"
"양천구","생활체육관","양천구민체육센터","양천구 목동동로 87","37.5161786","126.8644212","2652-1792","","http://www.ycs.or.kr/","유","실내","주차 가능(65면)"
"양천구","국궁장","영학정","양천구 목1동 409-74","37.527296","126.879428","","","http://www.hwalsarang.com/","유","실외","주차 불가"
"양천구","축구장","별마루축구장","양천구 신정동 871-3","37.51625","126.8782","2620-3591","","-","무","실외","-"
"송파구","테니스장","올림픽 테니스경기장","송파구 오륜동 올림픽로 424","37.515452","127.128278","2180-3772","4면","http://www.ksponco.or.kr/","무","실외","한시간 이내 1000원 초과 15분당 500원"
"송파구","테니스장","올림픽 실내테니스장","송파구 오륜동 올림픽로 424","37.513988","127.128203","2180-3778","16면","http://www.ksponco.or.kr/","무","실내","한시간 이내 1000원 초과 15분당 500원"
"송파구","인라인스케이트장","송파구인라인경기장","송파구 오금로 363","37.501052","127.134042","449-0019","1075㎡","-","무","실외","-"
"송파구","족구장","성내천변족구장","송파구 방이동 88-10","37.524474","127.118943","-","","-","무","실외","-"
"송파구","테니스장","오금공원 테니스장","송파구 오금로 363","37.5010097","127.134043","402-3700","2면","http://www.songpagongdan.or.kr","유","실외","오금공원 주차장 두 곳 이용"
"송파구","테니스장","오륜 테니스장","송파구 방이동 439-8","37.5132","127.140688","-","6면","-","유","실외","-"
"송파구","테니스장","송파 테니스장","송파구 올림픽로 399","37.519056","127.110907","-","","-","유","실외","-"
"송파구","테니스장","성내천변테니스장","송파구 올림픽로 41길 27","37.524264","127.11005","-","3면","-","유","실외","-"
"송파구","골프연습장","송파구체육문화회관 골프연습장","송파구 양산로 15","37.4907894","127.1428706","402-3291","9타석","http://www.esongpa.or.kr/","유","실내","강좌 시간 전후 30분까지 이용가능"
"송파구","골프연습장","서울곰두리체육센터 골프연습장","송파구 동남로 271","37.5010097","127.134043","404-6240","247.5 ㎡","http://www.sgsc.or.kr/","유","실내","회원 무료(47면)"
"송파구","골프연습장","잠실파크골프장","송파구 올림픽로 25","37.5140929","127.0749534","2240-8763","15000㎡","http://stadium.seoul.go.kr/","유","실외","-"
"송파구","축구장","천마공원 축구장","송파구 마천동 산1-8번지","37.50036","127.1601091","403-2395","1면","http://www.songpagongdan.or.kr","무","실외","천마근린공원 주차장 이용"
"송파구","생활체육관","마천청소년수련관","송파구 성내천로 319","37.492284","127.156622","443-0100","","http://www.mcyouth.or.kr/","유","실내","-"
"송파구","생활체육관","송파청소년수련관","송파구 중대로4길 4","37.4896609","127.1112312","449-0500","","http://www.youth1318.or.kr/youth1318/index.asp","유","실내","회원 1종목 5시간 2종목 이상 최대 10시간 무료 / 해당종목 강습 외 요일 입차시 주차료 징수 최초 1시간 1000원 이후 15분당 500원"
"송파구","생활체육관","올림픽공원 스포츠센터","송파구 424","37.5145437","127.1065971","449-2526","","http://sports.ksponco.or.kr/index.es?sid=a2","유","실내외","회원 1종목 5시간 2종목 이상 최대 10시간 무료 / 해당종목 강습 외 요일 입차시 주차료 징수 최초 1시간 1000원 이후 15분당 500원"
"송파구","생활체육관","송파아우름체육센터","송파구 문정로 196","37.498735","127.141289","2147-2800","","-","유","실내","1시간 1200원"
"송파구","생활체육관","서울곰두리체육센터","송파구 동남로 271","37.5010097","127.134043","404-6240","","http://www.sgsc.or.kr/","유","실내","회원 무료(47면)"
"송파구","생활체육관","송파구체육문화회관","송파구 양산로 15","37.4907894","127.1428706","402-3291","","http://www.esongpa.or.kr/","유","실내","강좌 시간 전후 30분까지 이용가능"
"송파구","빙상장 ","롯데월드아이스링크장","송파구 올림픽로 240 ","37.5112348","127.0980274","1661-2000","빙판면적 2076㎡","http://www.lotteworld.com/icerink/","유","실내","1시간당 1000원 주차권 3시간까지 인정"
"송파구","배드민턴장","풍납배드민턴장","송파구 풍납동 310-17","37.5305896","127.1102853","-","4면","-","무","실내","주차 가능"
"송파구","수영장","잠실한강공원 수영장","송파구 한가람로 65","37.5175896","127.0867236","3780-0511","27.945㎡ 풀장 3개소","http://www.songpa.go.kr/","무","실외","잠실종합운동장 주차장 이용"
"송파구","축구장","광나루한강공원 축구장3","송파구 풍납 1동","37.54071","127.115902","3780-0501","","http://hangang.seoul.go.kr/archives/46585","무","실외","주차 가능"
"송파구","축구장","송파구시각장애인축구장","송파구 올림픽로 474","37.5247175","127.1175084","2202-8144","1면","http://www.songpagongdan.or.kr/","무","실외","-"
"송파구","축구장","송파구 여성축구장","송파구 올림픽로 474","37.5247175","127.1175084","412-5969","1면","http://www.songpagongdan.or.kr/","무","실외","주차 가능"
"송파구","족구장","송파구 족구장","송파구 올림픽로 474","37.5247175","127.1175084","-","","-","무","실외","-"
"송파구","족구장","풍납족구장","송파구 풍납동 310-17","37.5305896","127.1102853","-","1면","-","무","실외","-"
"송파구","수영장","서울곰두리체육센터 수영장","송파구 동남로 271","37.5010097","127.134043","404-6240","25m 6레인","http://www.sgsc.or.kr/","유","실내","회원 무료(47면)"
"송파구","인라인스케이트장","송파구 다목적경기장","송파구 오금로 363","37.5010097","127.134043","449-0019 ","","-","무","실외","주차 가능"
"송파구","풋살장","잠실종합운동장 풋살장","송파구 올림픽로 25","37.5140929","127.0749534","2240-8761","968㎡","http://stadium.seoul.go.kr/","무","실외","오금공원 주차장 두 곳 이용"
"송파구","족구장","잠실한강공원 족구장","송파구 한가람로 65","37.5175896","127.0867236","3780-0511","1면","http://stadium.seoul.go.kr/","무","실외","주차 가능"
"송파구","배구장","잠실한강공원 배구장","송파구 한가람로 65","37.5175896","127.0867236","3780-0511","2면","http://stadium.seoul.go.kr/","무","실외","잠실1~4주차장 이용(471면) 최초30분 1000원 초과 10분당 200원"
"송파구","구기체육관","송파 배드민턴체육관","송파구 문정로 176","37.4935003","127.1382257","403-2839","1184.4㎡","http://www.songpagongdan.or.kr/","무","실내","잠실1~4주차장 이용(471면) 최초30분 1000원 초과 10분당 200원"
"송파구","농구장","잠실한강공원 농구장","송파구 잠실동 1-1","37.5175896","127.0867236","3780-0511","","http://www.songpa.go.kr/","무","실외","잠실1~4주차장 이용(471면) 최초30분 1000원 초과 10분당 200원"
"송파구","배드민턴장","잠실한강공원 배드민턴장","송파구 잠실동 1-1","37.5175896","127.0867236","3780-0511","","http://www.songpa.go.kr/","무","실외","잠실1~4주차장 이용(471면) 최초30분 1000원 초과 10분당 200원"
"송파구","야구장","잠실 야구장","송파구 올림픽로 25","37.5140929","127.0749534","1661-0965","1면","http://stadium.seoul.go.kr/","유","실외","-"
"송파구","야구장","잠실유소년야구장","송파구 잠실본동 306","37.503758","127.076628","2147-2818","1면","-","유","실외","주차 가능"
"송파구","빙상장","올림픽스케이트장","송파구 올림픽로 424","37.5217853","127.1165203","2180-3692","1면","http://www.olympicpark.co.kr/jsp/homepage/contents/sports/skate_main.j네","유","실외","-"
"송파구","수영장","잠실실내수영장","송파구 올림픽로 25 서울종합운동장","37.514656","127.076231","2240-8751","8073㎡","stadium.seoul.go.kr/lecture/now","유","실내","잠실종합운동장 주차장 이용"
"송파구","수영장","올림픽 수영경기장 ","송파구 올림픽로 424","37.5217853","127.1165203","2180-3743","","http://sports.ksponco.or.kr/","유","실내","잠실1~4주차장 이용(471면) 최초30분 1000원 초과 10분당 200원"
"송파구","구기체육관","올림픽공원 제2체육관","송파구 방이동 올림픽로 424","37.519322","127.127209","-","","-","무","실내","-"
"송파구","구기체육관","올림픽공원 제1체육관","송파구 방이동 올림픽로 424","37.519322","127.127209","-","","-","무","실내","-"
"송파구","수영장","송파구체육문화회관 수영장","송파구 양산로 15","37.4907894","127.1428706","402-3291","6레인","http://www.esongpa.or.kr/","유","실내","강좌 시간 전후 30분까지 이용가능"
"송파구","수영장","잠실학생수영장","송파구 올림픽로 25 서울종합운동장","37.513737","127.076178","421-3126 ","1947㎡(10레인)","www.ssg.go.kr/","유","실내","잠실종합운동장 주차장 이용"
"송파구","구기체육관","잠실실내체육관","송파구 잠실동 올림픽로 25","37.516463","127.075923","2240-8800","","http://stadium.seoul.go.kr/","무","실내","잠실종합운동장 주차장 이용"
"성북구","생활체육관","성북종합레포츠타운","성북구 한천로58길 30","37.6095158","127.0699065","6917-1100","","http://www.gongdan.go.kr/gongdan/sb_reports/intro/intro.jsp","유","실내","주차 가능"
"성북구","학교체육시설","동신초등학교","성북구 보문동3가 보문사길 50","37.582706","127.017073","923-3870","","http://www.sdongsin.es.kr/","무","실외","-"
"성북구","생활체육관","개운산스포츠센터","성북구 북악산로 949-60","37.5968341","127.0262406","925-9960","","https://web.facebook.com/Youngma Climbing Park/","유","실내","회원 3시간 무료"
"성북구","생활체육관","성북청소년수련관 체육관","성북구 한천로95길 7","37.617548","127.05582","3292-1318","","http://www.sbyouth.or.kr/","유","실내","주차 가능"
"성북구","생활체육관","성북구민체육관","성북구 성북동 2-1","37.5922983","127.0037807","909-3497","","http://www.gongdan.go.kr/","무","실내","주차 가능"
"성북구","생활체육관","해오름휘트니스센터","성북구 성북로4길 52","37.5947663","127.0104379","6925-7003","","http://www.gongdan.go.kr/","유","실내","-"
"성북구","수영장","개운산스포츠센터 수영장","성북구 북악산로 949-60","37.5968341","127.0262406","925-9960","5레인","https://web.facebook.com/Youngma Climbing Park/","유","실내","회원 3시간 무료"
"성북구","수영장","성북종합레포츠타운 수영장","성북구 한천로58길 30","37.6095158","127.0699065","6917-1100","6레인","http://www.gongdan.go.kr/gongdan/sb_reports/intro/intro.jsp","유","실내","주차 가능"
"성북구","수영장","성북청소년수련관 수영장","성북구 한천로95길 7","37.617548","127.05582","3292-1318","","http://www.sbyouth.or.kr/","유","실내","주차 가능"
"성북구","간이운동장","정릉북악체육시설","성북구 정릉동 산87-357","37.6098905","126.9941692","909-3497","","http://www.gongdan.go.kr/","무","실외","-"
"성북구","구기체육관","성북구민체육관(월곡배드민턴장)","성북구 화랑로 13길 144","37.6106079","127.0403978","909-3497","9면","http://www.gongdan.go.kr/","유","실내","-"
"성북구","배드민턴장","종암동 배드민턴장","성북구 종암로24가길 109","37.601633","127.038134","-","","-","무","실외","-"
"성북구","테니스장","성북구민체육관(월곡테니스장)","성북구 화랑로 13길 144","37.6106079","127.0403978","909-3497","4면","http://www.gongdan.go.kr/","무","실외","-"
"성북구","테니스장","정릉체육시설 테니스장","성북구 정릉동 산87-357","37.6098905","126.9941692","6925-7003","","http://www.gongdan.go.kr/","무","실외","주차 가능"
"성북구","족구장","정릉족구장","성북구 정릉동 산87-372","37.6073218","127.0039598","6925-7003","1면","http://www.gongdan.go.kr/","무","실외","주차 가능"
"성북구","축구장","월곡인조잔디축구장","성북구 화랑로 13길 144","37.6106079","127.0403978","909-3497","","http://www.gongdan.go.kr/","무","실외","주차 가능"
"성북구","축구장","월곡구민운동장","성북구 화랑로13길 144","37.6106079","127.0403978","909-3497","1면","http://www.gongdan.go.kr/","무","실외","주차 가능"
"성북구","풋살장","석관풋살장","성북구 석관동 27-7","37.6083629","127.0701538","6917-1100","40m * 20m","http://www.gongdan.go.kr/","무","실외","-"
"성북구","족구장","석관족구장","성북구 석관동 14-5","37.6105908","127.0693037","6917-1100","2면","http://www.gongdan.go.kr/","무","실외","-"
"성북구","골프연습장","성북종합레포츠타운 골프연습장","성북구 한천로58길 30","37.6095158","127.0699065","6917-1100","15타석","http://www.gongdan.go.kr/gongdan/sb_reports/intro/intro.jsp","유","실내","주차 가능"
"성북구","골프연습장","북악골프연습장","성북구 북악산로 537-14","37.6025709","126.9980322","919-4040","52타석 ","http://www.gongdan.go.kr/","유","실내외","주차 가능"
"성북구","학교체육시설","돈암초등학교","성북구 동선동 동소문로13길 38","37.593352","127.013128","928-2010","","http://www.donam.es.kr/","무","실외","-"
"성북구","학교체육시설","장위초등학교","성북구 장위동 장월로8가길 41","37.611898","127.049964","942-1772","","http://www.jangwicho.es.kr/","무","실외","-"
"성북구","학교체육시설","경동고등학교","성북구 삼선동3가 보문로29길 49","37.586161","127.014584","928-2353","","http://www.kyungdong.hs.kr/","무","실외","-"
"성동구","수영장","살곶이체육공원 수영장","성동구 사근동길 16-18","37.553807","127.048259","2204-7670 ","868m²","http://sports.happysd.or.kr","무","실외","5분 50원"
"성동구","생활체육관","성동구민종합체육센터","성동구 왕십리로 89","37.5458249","127.0440489","2204-7600","","http://sports.happysd.or.kr","유","실외","비회원 5분당 150원 / 회원 2시간 1000원"
"성동구","생활체육관","열린금호교육문화관 체육관","성동구 무수막길 69","37.5522036","127.0203276","2204-7670 ","687㎡","http://sports.happysd.or.kr","유","실외","주차 불가"
"성동구","생활체육관","마장국민체육센터","성동구 마조로 11길 6","37.5620828","127.0407557","2204-7670 ","","http://sports.happysd.or.kr","유","실외","비회원 5분당 150원 / 회원 2시간 1000원"
"성동구","생활체육관","금호스포츠센터","성동구 금호로 20","37.5455958","127.0250663","2204-7675","","http://sports.happysd.or.kr","유","실외","주차 가능"
"성동구","생활체육관","성동청소년수련관 체육관","성동구 고산자로 260","37.562377","127.036349","2296-4062","","http://www.sdyc.or.kr/","유","실내","기본 1시간 1000원 초과 10분당 500원"
"성동구","구기체육관","대현산체육관","성동구 독서당로 63길 44 ","37.5539276","127.030079","2204-7680","","http://sports.happysd.or.kr","유","실외","주차 가능"
"성동구","구기체육관","금호공원체육관","성동구 장터1길 18","37.5493239","127.0187017","2204-7690","","http://sports.happysd.or.kr","유","실외","주차 불가"
"성동구","수영장","성동구민종합체육센터 수영장","성동구 왕십리로 89","37.5458249","127.0440489","2204-7600","375㎡","http://sports.happysd.or.kr","유","실외","비회원 5분당 150원 / 회원 2시간 1000원"
"성동구","수영장","마장국민체육센터 수영장","성동구 마조로 11길 6","37.5620828","127.0407557","2204-7670 ","688m²","http://sports.happysd.or.kr","유","실외","비회원 5분당 150원 / 회원 2시간 1000원"
"성동구","수영장","열린금호교육문화관 수영장","성동구 무수막길 69","37.5522036","127.0203276","2204-7670 ","25M 5레인","http://sports.happysd.or.kr","유","실외","주차 불가"
"성동구","수영장","성동청소년수련관 수영장","성동구 고산자로 260","37.562377","127.036349","2296-4062","","http://www.sdyc.or.kr/","유","실내","기본 1시간 1000원 초과 10분당 500원"
"성동구","배드민턴장","서울숲 배드민턴장","성동구 뚝섬로 273","37.546252","127.040520","2286-5211","","http://seoulforest.or.kr/ ","무","실외","서울숲 주차장 성동구민종합체육센터 주차장 이용"
"성동구","게이트볼장","서울숲 게이트볼장","성동구 뚝섬로 273","37.546330 ","127.040025","2286-5211","","http://seoulforest.or.kr/ ","무","실외","서울숲 주차장 성동구민종합체육센터 주차장 이용"
"성동구","인라인스케이트장","서울숲 스케이트파크","성동구 뚝섬로 273","37.5431644","127.0418547","2286-5211","","http://seoulforest.or.kr/ ","무","실외","서울숲 주차장 성동구민종합체육센터 주차장 이용"
"성동구","풋살장","서울숲 풋살장","성동구 뚝섬로 273","37.546381","127.040707","460-2921","","http://seoulforest.or.kr/ ","무","실외","서울숲 주차장 성동구민종합체육센터 주차장 이용"
"성동구","농구장","서울숲 농구장","성동구 뚝섬로 273","37.545976","127.040382","2286-5211","","http://seoulforest.or.kr/ ","무","실외","서울숲 주차장 성동구민종합체육센터 주차장 이용"
"성동구","테니스장","서울숲 테니스장","성동구 뚝섬로 273","37.546519","127.040244","460-2921","5면","http://seoulforest.or.kr/ ","무","실외","서울숲 주차장 성동구민종합체육센터 주차장 이용"
"성동구","테니스장","응봉테니스장","성동구 응봉동 240-1","37.5511225","127.0362233","2282-7600","5면","http://sports.happysd.or.kr","유","실외","-"
"성동구","테니스장","마장테니스장","성동구 마장동 832","37.5640925","127.0389211","2282-7200","2면","http://sports.happysd.or.kr","유","실외","-"
"성동구","테니스장","응봉공원 테니스장","성동구 금호로 172-1","37.556878","127.0217208","2293-7646","2면","http://parks.seoul.go.kr/","무","실외","주차 가능"
"성동구","풋살장","응봉공원","성동구 금호로 172-1","37.556878","127.0217208","2293-7646","95㎥","http://parks.seoul.go.kr/","무","실외","주차 가능"
"성동구","축구장","응봉공원 응봉축구장","성동구 금호로 172-1","37.556878","127.0217208","2293-7646","38m*20m","http://parks.seoul.go.kr/","무","실외","주차 가능"
"성동구","야구장","응봉체육공원","성동구 응봉동 9-5","37.5522289","127.0376497","2204-7600","","http://sports.happysd.or.kr","무","실외","응봉동 공영주차장 이용"
"성동구","족구장","응봉체육공원","성동구 응봉동 9-5","37.5522289","127.0376497","2286-6090","","-","무","실외","응봉동 공영주차장 이용"
"성동구","풋살장","응봉체육공원","성동구 응봉동 9-5","37.5522289","127.0376497","2286-6090","","-","무","실외","응봉동 공영주차장 이용"
"성동구","농구장","응봉체육공원","성동구 응봉동 9-5","37.5522289","127.0376497","2286-6090","","-","무","실외","응봉동 공영주차장 이용"
"성동구","게이트볼장","응봉체육공원","성동구 응봉동 9-5","37.5522289","127.0376497","2286-6090","","-","무","실외","응봉동 공영주차장 이용"
"성동구","테니스장","응봉체육공원","성동구 응봉동 9-5","37.5522289","127.0376497","2204-7600","3면","http://sports.happysd.or.kr","유","실외","응봉동 공영주차장 이용"
"성동구","축구장","응봉교하단 체육시설","성동구 응봉동 234-3","37.551814","127.0374819","-","","-","무","실외","-"
"성동구","풋살장","응봉교하단 체육시설","성동구 응봉동 234-3","37.551814","127.0374819","-","","-","무","실외","-"
"성동구","테니스장","응봉교하단 체육시설","성동구 응봉동 234-3","37.551814","127.0374819","-","","-","무","실외","-"
"성동구","족구장","응봉교하단 체육시설","성동구 응봉동 234-3","37.551814","127.0374819","-","","-","무","실외","-"
"성동구","야구장","응봉교하단 체육시설","성동구 응봉동 234-3","37.551814","127.0374819","-","","-","무","실외","-"
"성동구","배드민턴장","금호유수지 체육시설","성동구 금호동4가 56","37.5455958","127.0250663","-","","-","무","실외","-"
"성동구","게이트볼장","송정체육공원","성동구 송정동 73-254","37.553722","127.067100","-","","-","무","실외","-"
"성동구","축구장","중랑물재생센터 축구장","성동구 용답동 246-4","37.5587143","127.0607724","2111-2535","1면","https://yeyak.seoul.go.kr/","무","실외","주차 불가"
"성동구","족구장","중랑물재생센터 족구장","성동구 용답동 246-4","37.5587143","127.0607724","2111-2535","1면","https://yeyak.seoul.go.kr/","무","실외","주차 불가"
"성동구","배드민턴장","중랑물재생센터 배드민턴장","성동구 용답동 246-4","37.5587143","127.0607724","2111-2535","3면","https://yeyak.seoul.go.kr/","무","실외","주차 불가"
"성동구","테니스장","중랑물재생센터 테니스장","성동구 용답동 246-4","37.5587143","127.0607724","2111-2535","1면","https://yeyak.seoul.go.kr/","무","실외","주차 불가"
"성동구","국궁장","중랑천변 국궁장","성동구 용답동 241-10","37.558354","127.069615","-","","-","무","실외","-"
"성동구","풋살장","용답동 풋살장","성동구 용답동 248 일원","37.560429","127.061109","-","","-","무","실외","-"
"성동구","농구장","성수구두테마공원","성동구 성수동2가 302-25","37.544765","127.052407","464-2770","","-","무","실외","주차 불가"
"성동구","인라인스케이트장","살곶이체육공원 인라인스케이트장","성동구 사근동길 16-18","37.553807","127.048259","2204-7600","","http://sports.happysd.or.kr","무","실외","5분 50원"
"성동구","축구장","살곶이체육공원 축구장","성동구 사근동길 16-18","37.553807","127.048259","2286-6090","2면","-","무","실외","5분 50원"
"성동구","야구장","살곶이체육공원 야구장","성동구 사근동길 16-18","37.553807","127.048259","2204-7600","7002㎡","http://sports.happysd.or.kr","무","실외","5분 50원"
"성동구","축구장","뚝섬유수지체육공원 축구장","성동구 성수동1가 685-61","37.5497448","127.039652","2286-6090","1면","-","무","실외","-"
"성동구","농구장","뚝섬유수지체육공원 농구장","성동구 성수동1가 685-61","37.5497448","127.039652","2286-6090","2면","-","무","실외","-"
"성동구","족구장","뚝섬유수지체육공원 족구장","성동구 성수동1가 685-61","37.5497448","127.039652","2286-6090","3면","-","무","실외","-"
"성동구","인라인스케이트장","뚝섬유수지체육공원 인라인스케이트장","성동구 성수동1가 685-61","37.5497448","127.039652","2286-6090","1면","-","무","실외","-"
"성동구","배드민턴장","뚝섬유수지체육공원 배드민턴장","성동구 성수동1가 685-61","37.5497448","127.039652","2286-6090","4면","-","무","실외","-"
"성동구","학교체육시설","금호초등학교","성동구 금호동2가 511","37.552669","127.020099","2237-1369","","http://www.geumho.es.kr/","무","실외","-"
"성동구","학교체육시설","경수중학교","성동구 성수2가1동 268","37.539505","127.058345","464-2088","","http://www.gsu.ms.kr/","무","실외","-"
"서초구","생활체육관","서일스포츠센터","서초구 서초구 서운로21길 2","37.498567","127.021824","3481-7155","","seoilsports.kr/","유","실내","-"
"서초구","생활체육관","서리풀언남문화체육센터","서초구 동산로 13길 35","37.472451","127.043345","577-7718","","http://www.3ful.com/","유","실내","회원 1종목 150분 무료 2종목 이상 180분 무료 초과 10분당 300원"
"서초구","생활체육관","잠원스포츠파크","서초구 신반포로23길 66","37.5112158","127.0052078","533-7508","","http://jwsports.co.kr/","유","실내","주차 가능"
"서초구","테니스장","잠원한강공원 테니스장","서초구 잠원동 잠원로 221-124","37.519427","127.009883","3780-0531","5면","http://hangang.seoul.go.kr/","무","실외","잠원1~6주차장 최초 30분 1000원 초과 10분당 200원(503면)"
"서초구","생활체육관","서초구민체육센터","서초구 사평대로 55","37.5068585","127.0215598","591-6060","","http://www.seochoymca.com/","유","실내","주차 가능"
"서초구","생활체육관","방배열린문화센터","서울 서초구 방배로 173 ","37.4889095","126.9922476","535-2601","","http://bb.sporex.com","유","실내","10분당 300원(109면)"
"서초구","생활체육관","반포종합운동장 체육센터","서초구 신반포로 16길 30","37.500126","126.995929","593-1330","","http://www.seocho.go.kr/","유","실내","반포종합운동장 반포2동 공영주차장 등 이용"
"서초구","생활체육관","신동교육문화회관","서초구 잠원동 나루터로 27","37.516385","127.012431","-","","-","유","실내","-"
"서초구","생활체육관","서초종합체육관","서초구 원지동 28","37.459058","127.041729","572-6131","","http://yj.sporex.com/","유","실내",""
"서초구","수영장","양재천수영장","서초구 양재동 126-1","37.4733403","127.0353225","2155-6213","폭 13.2m 길이 50m","-","무","실외","주차 가능"
"서초구","수영장","서초구민체육센터 수영장","서초구 사평대로 55","37.5068585","127.0215598","591-6060","25M 6레인","http://www.seochoymca.com/","유","실내","주차 가능"
"서초구","수영장","언남문화체육센터 수영장","서초구 동산로 13길 35","37.472451","127.043345","577-7718","","http://www.3ful.com/","유","실내","회원 1종목 150분 무료 2종목 이상 180분 무료 초과 10분당 300원"
"서초구","수영장","방배열린문화센터 수영장","서울 서초구 방배로 173 ","37.4889095","126.9922476","535-2601","25M 5레인","http://bb.sporex.com","유","실내","10분당 300원(109면)"
"서초구","수영장","신동교육문화회관 수영장","서초구 잠원동 나루터로 27","37.516385","127.012431","-","","-","유","실내","-"
"서초구","수영장","서초종합체육관 수영장","서초구 원지동 28","37.459058","127.041729","572-6131","25m x 6레인","http://yj.sporex.com/","유","실내","-"
"서초구","골프연습장","반포종합운동장 체육센터 골프연습장","서초구 신반포로 16길 30","37.500126","126.995929","593-1330","16타석","http://www.seocho.go.kr/","유","실내","반포종합운동장 반포2동 공영주차장 등 이용"
"서초구","골프연습장","서초구민체육센터 골프연습장","서초구 사평대로 55","37.5068585","127.0215598","591-6060","총 18석","http://www.seochoymca.com/","유","실내","주차 가능"
"서초구","축구장","반포종합운동장 축구장","서초구 신반포로길 16길 30","37.5045471","126.9944578","593-1330","1면","http://sports.seocho.go.kr/facilitiesinfo/","무","실외","무료(25면) 또는 인근 반포2동 공영주차장 이용 10분당 300원(165면)"
"서초구","골프연습장","언남문화체육센터 골프연습장","서초구 동산로 13길 35","37.472451","127.043345","577-7718","","http://www.3ful.com/","유","실내","회원 1종목 150분 무료 2종목 이상 180분 무료 초과 10분당 300원"
"서초구","골프연습장","방배열린문화센터 골프연습장","서울 서초구 방배로 173 ","37.4889095","126.9922476","535-2601","총 14개 타석","http://bb.sporex.com","유","실내","10분당 300원(109면)"
"서초구","축구장","잠원한강공원 축구장","서초구 잠원동 잠원로 221-124","37.527720 ","127.019500","3780-0531","4면","http://hangang.seoul.go.kr/","무","실외","잠원1~6주차장 최초 30분 1000원 초과 10분당 200원(503면)"
"서초구","수영장","잠원한강공원 수영장","서초구 잠원동 잠원로 221-124","37.519427","127.009883","3780-0531","","http://hangang.seoul.go.kr/","무","실외","잠원1~6주차장 최초 30분 1000원 초과 10분당 200원(503면)"
"서초구","테니스장","반포종합운동장 테니스장","서초구 반포동 15-2","37.501271","126.995446","2155-8711","12면","-","무"," ","-"
"서초구","테니스장","내곡동체육시설 테니스장","서초구 신흥말길 23-5","37.458809","127.082788","2155-6214","6면","-","무","실외"," "
"서초구","축구장","방배배수지 축구장","서초구 방배동 599","37.4728927","126.9918499","2155-6212","45m X 73m","http://www.seocho.go.kr/","유","실외","주차 불가"
"서초구","다목적운동장","방배배수지 체육공원","서초구 방배동 599","37.4728927","126.9918499","2155-6212","","http://www.seocho.go.kr/","무","실외","주차 불가"
"서초구","족구장","우면체육시설","서초구 우면동 440-5","37.4610658","127.0215801","2155-6214","2면","http://yeyak.seoul.go.kr/","무","실외","주차 불가"
"서초구","풋살장","우면체육시설","서초구 우면동 440-5","37.4610658","127.0215801","2155-6214","","http://yeyak.seoul.go.kr/","무","실외","주차 불가"
"서초구","간이운동장","우면체육시설","서초구 우면동 440-5","37.4610658","127.0215801","2155-6214","24 × 29.5m","http://yeyak.seoul.go.kr/","무","실외","주차 불가"
"서초구","축구장","양재근린공원 축구장","서초구 양재2동 311","37.4715434","127.0423853","2155-6212","1면","http://sports.seocho.go.kr/facilitiesinfo/","무","실외","양재근린공원 공영주차장 10분당 300원"
"서초구","게이트볼장","우면산근린공원 게이트볼장","서초구 우면동 71","37.4732214","127.0290574","2155-6652","","-","무","실외","-"
"서초구","학교체육시설","언남중?고등학교","서초구 동산로 55","37.472496","127.043953","577-3038","","http://www.eonnam.ms.kr/","무","실외","-"
"서초구","학교체육시설","신동중학교","서초구 나루터로 27","37.516597","127.013235","594-6456","","http://shindong.ms.kr/","무","실외","-"
"서초구","학교체육시설","서일중학교","서초구 서운로21길 2","37.499223","127.022175","3482-9663","","http://www.seoil.ms.kr/","무","실외","-"
"서초구","축구장","서울시인재개발원 축구장","서초구 서초동 393-1","37.4795371","127.0218775","3488-2055","1개소","http://yeyak.seoul.go.kr/","무","실외","주차 가능"
"서초구","인라인스케이트장","반포종합운동장 인라인스케이트장","","","","","","","","",""
"서초구","축구장","반포한강공원 축구장","서초구 잠원동 122-1","37.5173518","127.0182303","3780-0541","1면","-","무","실외","최초 30분 1000원 초과 10분당 200원"
"서초구","농구장","반포한강공원 농구장","서초구 잠원동 122-1","37.5173518","127.0182303","3780-0541","5면","-","무","실외","최초 30분 1000원 초과 10분당 200원"
"서초구","배드민턴장","반포한강공원 배드민턴장","서초구 반포동 115-3","37.5083812","126.995534","3780-0541","","-","무","실외","최초 30분 1000원 초과 10분당 200원"
"서초구","배드민턴장","새우촌근린공원 이수 배드민턴장","서초구 방배2동 산75-4","37.4800699","126.9888319","2155-6880","3면","http://sports.seocho.go.kr/facilitiesinfo/","무","실외","-"
"서초구","배드민턴장","서리풀근린공원 서리풀 배드민턴장","서초구 서초3동 산156-24","37.4838743","127.0015711","3780-0541","2면","http://sports.seocho.go.kr/facilitiesinfo/","무","실외","-"
"서초구","테니스장","양재시민의숲 테니스장","서초구 매헌로 99","37.4712172","127.0367358","2155-6214","8면","http://yeyak.seoul.go.kr/","무","실외","주차 가능"
"서초구","테니스장","잠원 스포츠파크 테니스장","서초구 신반포로 23길 66","37.510996","127.005216","533-7508","3면","http://www.jwsports.co.kr/","유","실내","주차 가능"
"서초구","다목적운동장","방배배수지 체육공원","서초구 방배동 599","37.4728927","126.9918499","2155-6212","","http://www.seocho.go.kr/","무","실외","주차 불가"
"서대문구","구기체육관","궁동산체육관","서대문구 연희로11마길 86-47","37.5714502","126.9253081","330-1130","배드민턴(5면)","http://www.sscmc.or.kr/","유","실내","주차 가능"
"서대문구","생활체육관","서대문청소년수련관 체육관","서대문구 연희로32길 129","37.579204","126.937944","334-0080","","http://www.fun1318.or.kr/","유","실내","-"
"서대문구","수영장","서대문문화체육회관 수영장","서대문구 백련사길 39","37.581584","126.931969","330-1130","7레인","http://www.sscmc.or.kr/","유","실내","30분당 1000원"
"서대문구","수영장","서대문청소년수련관 수영장","서대문구 연희로32길 129","37.579204","126.937944","334-0080","","http://www.fun1318.or.kr/","유","실내","-"
"서대문구","골프연습장","서대문문화체육회관 골프연습장","서대문구 백련사길 39","37.581584","126.931969","330-1130","8개 타석","http://www.sscmc.or.kr/","유","실내","30분당 1000원"
"서대문구","축구장","서대문구립 인조잔디구장","서대문구 백련사길 39","37.580081","126.930585","330-1130","1면","http://www.sscmc.or.kr/","무","실외","주차 가능"
"서대문구","축구장","서대문돌산 인조잔디구장","서대문구 홍은1동 10-305","37.602831","126.945937","376-3155","50mX32m","http://academy.fcseoul.com/","무","실외","-"
"서대문구","농구장","홍제농구장","서대문구 홍제동 280-9","37.5949801","126.949274","330-1130","","-","무","실외","-"
"서대문구","배드민턴장","금화배드민턴장","서대문구 봉원동 산3-8","37.5699572","126.9473163","330-1129","5면","-","무","실내","-"
"서대문구","배드민턴장","홍제배드민턴장","서대문구 홍제동 280-9","37.5949801","126.949274","330-1130","6면","-","무","실내","-"
"서대문구","테니스장","홍은동 테니스장","서대문구 홍은1동 산1-551","37.5968766","126.9402809","330-1130","","-","무","실외","-"
"서대문구","테니스장","현저동 테니스장","서대문구 현저동 101-313","37.5735117","126.95227","330-1130","","-","무","실외","-"
"서대문구","테니스장","가좌 테니스장","서대문구 홍은2동 산26-170","37.5825535","126.9295629","330-1130","1면","-","무","실외","-"
"서대문구","게이트볼장","궁동게이트볼장","서대문구 연희동 196-8","37.5739585","126.9308531","330-1130","","-","무","실외","-"
"서대문구","학교체육시설","이화금란고등학교","서대문구 대신동 성산로 560","37.566229","126.947331","361-6332","","http://www.edaebugo.hs.kr/","무","실외","-"
"서대문구","학교체육시설","홍제초등학교","서대문구 홍은1동 홍은중앙로13","37.593274","126.9449","396-7237","","http://www.hongje.es.kr/","무","실외","-"
"서대문구","학교체육시설","정원여자중학교","서대문구 홍은2동 연희로37안길 51","37.58527","126.933366","379-4310","","http://www.jungwon.ms.kr/","무","실외","-"
"서대문구","학교체육시설","북성초등학교","서대문구 북아현동 북아현로1나길 22","37.559091","126.951885","362-0669","","http://www.seoulbuksung.es.kr/","무","실외","-"
"서대문구","게이트볼장","홍제게이트볼장","서대문구 홍제3동 278-14","37.5946801","126.9477665","330-1130","","-","무","실외","-"
"서대문구","학교체육시설","홍연초등학교","서대문구 백련사길 55","37.581924","126.930813","394-1802","","http://www.hyc.es.kr/","무","실외","-"
"서대문구","생활체육관","서대문문화체육회관","서대문구 백련사길 39","37.581584","126.931969","330-1130","","http://www.sscmc.or.kr/","유","실내","30분당 1000원"
"마포구","생활체육관","마포구민체육센터","마포구 망원동 450-3","37.556726","126.897139","324-7800","","http://www.maposc.or.kr/","유","실내","주차 가능(57면)"
"마포구","생활체육관","염리생활체육관","마포구 염리동 174-3","37.5419184","126.94518","3272-9401","1811㎡","http://mapogym.or.kr/","유","실내","주차 가능(14면)"
"마포구","생활체육관","성미산체육관","마포구 성산동 산12-1","37.562633","126.911946","324-9877","","http://mapogym.or.kr/","유","실내","주차 가능(14면)"
"마포구","생활체육관","마포주민편익시설","마포구 월드컵로 25길 190","37.557815","126.9041813","374-0400","","http://www.mfmc.or.kr","유","실내","주차 가능(30면)"
"마포구","생활체육관","창천스포츠센터","마포구 백범로 1길 56","37.5548546","126.9393201","714-9633","","www.ccsports.co.kr ","유","실내","회원 2시간 30분 무료"
"마포구","생활체육관","한국우진학교","마포구 월드컵북로 38길 21","37.5710794","126.9036093","304-6255","","http://www.woojin.sc.kr/","유","실내","-"
"마포구","생활체육관","마포아트센터 체육관","마포구 대흥로 20길 28","37.549821","126.945520","3274-8500","1038㎡","http://www.mapoartcenter.or.kr/","유","실내","기본 30분 1000원 초과 10분당 500원"
"마포구","생활체육관","마포청소년수련관 체육관","마포구 성산동 월드컵로 212","37.566606","126.901833","3153-5900","","http://www.youthnaroo.or.kr/","유","실내",""
"마포구","수영장","마포아트센터 수영장","마포구 대흥로 20길 28","37.549821","126.94552","3274-8500","25m*13m 6레인","http://www.mapoartcenter.or.kr/","유","실내","기본 30분 1000원 초과 10분당 500원"
"마포구","수영장","마포청소년수련관 수영장","마포구 성산동 월드컵로 212","37.566606","126.901833","3153-5900","","http://www.youthnaroo.or.kr/","유","실내",""
"마포구","축구장","난지천인조잔디축구장","서울 마포구 성산동 390-1","37.5642503","126.8975812","3153-9874","8510㎡","","무","실외","유료 주차장 이용"
"마포구","배드민턴장","와우산 배드민턴장","와우산로 30길 81","37.551405","126.928655","3153-8131","9면","www.mfmc.or.kr","무","실내","주차 불가"
"마포구","축구장","마포 난지천 인조잔디 축구장","마포구 상암동 1538","37.5714779","126.8875503","3153-9874","8510㎡","https://yeyak.seoul.go.kr/","무","실외","5분당 150원(431면)"
"마포구","배드민턴장","망원동 배드민턴장","동교로1길 73","37.5535839","126.8997121","3153-8131","5면","https://www.mapo.go.kr/","무","실내","-"
"마포구","농구장","망원유수지체육공원","마포구 월드컵로25길 190","37.557815","126.9041813","3153-9874","3면","https://www.mapo.go.kr/","무","실외","주차 가능"
"마포구","축구장","망원유수지체육공원","마포구 월드컵로25길 190","37.557815","126.9041813","3153-9874","2면","https://www.mapo.go.kr/","무","실외","주차 가능"
"마포구","풋살장","망원유수지체육공원","마포구 월드컵로25길 190","37.557815","126.9041813","337-7319","990㎡","https://www.mapo.go.kr/","무","실외","주차 가능"
"마포구","축구장","서울월드컵경기장","마포구 월드컵로 240","37.5677584","126.8981147","2128-2002","1면","http://www.sisul.or.kr/open_content/worldcup","무","실외","주차 가능"
"마포구","축구장","서울월드컵경기장 보조경기장","마포구 월드컵로 240","37.571363","126.898275","2128-2973","8214 ㎡","https://yeyak.seoul.go.kr/","무","실외","소형차 기준 3시간 3000원(3시간 이후 5분당 150원 추가징수)"
"마포구","축구장","월드컵공원 인조잔디축구장","마포구 상암동 1538","37.574194","126.883857","3153-9874","1면","https://yeyak.seoul.go.kr/","무","실외","주차 가능"
"마포구","풋살장","서울월드컵경기장 풋살구장","마포구 성산동 산 53-28","37.5725413","126.8985231","2128-2973","3면","http://www.sisul.or.kr/open_content/worldcup","무","실외","주차 가능"
"마포구","농구장","월드컵공원다목적구장","마포구 상암동 1538","37.5714779","126.8875503","300-5576","1면","https://yeyak.seoul.go.kr/","무","실외","주차 가능"
"마포구","야구장","망원 어린이 야구장","마포구 마포나루길 407","37.5546098","126.8957099","333-4125","1면","https://korean.visitseoul.net/attractions/","무","실외","-"
"마포구","테니스장","월드컵공원 테니스장","마포구 월드컵로 243-60","37.564393","126.897579","300-5500","2면","http://worldcuppark.seoul.go.kr/facilities/sports2_3.html","무","실외","주차 가능"
"마포구","게이트볼장","망원동 게이트볼장","마포구 망원1동 460-5","37.5535839","126.8997121","3153-8126","2면","-","무","실외","-"
"마포구","골프연습장","마포주민편익시설 골프연습장","마포구 월드컵로 25길 190","37.557815","126.9041813","374-0400","410.96㎡","http://www.mfmc.or.kr","유","실내","주차 가능(30면)"
"마포구","골프연습장","마포아트센터 골프연습장","마포구 대흥로 20길 28","37.549821","126.945520","3274-8500","345㎡","http://www.mapoartcenter.or.kr/","유","실내","기본 30분 1000원 초과 10분당 500원"
"마포구","골프연습장","월드컵파크골프장","마포구 하늘공원로 84","37.5674467","126.885455","304-3212","","-","무","실외","주차 가능"
"마포구","산악자전거체험장","난지한강공원 산악자전거체험장","마포구 상암동 482-154","37.5651713","126.8808458","3780-0611","","-","무","실외","주차 가능"
"마포구","축구장","망원한강공원 축구장","마포구 망원동 205-5","37.5546098","126.8957099","333-4125","1면","http://hangang.seoul.go.kr/archives/3565","무","실외","주차 가능"
"마포구","농구장","망원한강공원 농구장","마포구 마포나루길 407","37.5546098","126.8957099","3780-0601","5면","https://korean.visitseoul.net/attractions/","무","실외","주차 가능"
"마포구","수영장","망원한강공원 수영장","마포구 망원동 312-6","37.55716","126.892484","322-6302","","http://hangang.seoul.go.kr/archives/3565","무","실외","주차 가능"
"마포구","배구장","망원한강공원 배구장","마포구 망원동 205-5","37.5546098","126.8957099","3780-0601","4면","http://hangang.seoul.go.kr/archives/3566","무","실외","주차 가능"
"마포구","테니스장","망원한강공원 테니스장","마포구 망원동 205","37.551907","126.899686","3780-0601","6면","http://hangang.seoul.go.kr/archives/3567","무","실외","주차 가능"
"마포구","족구장","망원한강공원 족구장","마포구 용강동 497-1","37.5411162","126.9376782","3780-0601","","http://hangang.seoul.go.kr/archives/3568","무","실외","주차 가능"
"마포구","국궁장","난지한강공원 국궁장","마포구 마포나루길 30","37.574191","126.863598","-","","http://blog.naver.com/archeryclub","유","실외","난지캠핑장 주차장 이용"
"마포구","농구장","난지한강공원 농구장","마포구 한강난지로 162","37.5661241","126.8794664","3780-0611","1면","http://hangang.seoul.go.kr/archives/3565","무","실외","주차 가능"
"마포구","야구장","난지한강공원 야구장","마포구 상암동 하늘공원로 108-1","37.5682586","126.8755733","3780-0808","2면","https://yeyak.seoul.go.kr/","무","실외","난지한강공원 주차장 최초 30분 1000원 추가 10분당 200원(193면)"
"마포구","족구장","난지한강공원 족구장","마포구 한강난지로 162","37.5661241","126.8794664","3780-0611","1면","http://hangang.seoul.go.kr/archives/3565","무","실외","주차 가능"
"마포구","학교체육시설","아현중학교","마포구 아현동 마포대로 247","37.556374","126.957135","363-1813","","http://www.ahyeon.ms.kr/index.do","무","실외","-"
"마포구","학교체육시설","창천초등학교","마포구 백범로 1길 56","37.555040","126.939661","715-4667","","http://changchon.es.kr/","무","실외","-"
"동작구","인라인스케이트장","보라매공원","동작구 여의대방로20길 33","37.4932342","126.9197115","2181-1192","","http://parks.seoul.go.kr/boramae","무","실외","보라매공원 정문주차장 5분당 100원(86면) 보라매공원 동문주차장 5분당 100원(42면)"
"동작구","테니스장","노량진근린공원 테니스장","동작구 여의대방로36길 71","37.5075564","126.9281351","817-2070","5면","-","무","실외","주차 가능"
"동작구","테니스장","동작주차공원 테니스장","동작구 현충로 213","37.5036663","126.9772942","832-2445","6면","http://www.idongjak.or.kr/","무","실외","5분당 100원(147면)"
"동작구","테니스장","동작테니스장","동작구 현충로 지하 220","37.5033405","126.9778434","","6면","","무","실외","동작주차공원 이용"
"동작구","축구장","노들나루공원 인조잔디구장","동작구 노량진로 247","37.5138235","126.953907","820-1261","4267㎡","-","무","실외","주차 가능"
"동작구","테니스장","현충근린공원 테니스장","동작구 상도동 산49-78","37.4978614","126.9596033","-","","-","무","실외","-"
"동작구","게이트볼장","노량진근린공원(대방) 게이트볼장","동작구 여의대방로44길 39","37.5100726","126.9285912","820-1261","1면","-","무","실외","주차 가능"
"동작구","게이트볼장","노량진근린공원(고구동산) 게이트볼장","동작구 매봉로6길 16","37.5086944","126.9541709","820-1261","1면","-","무","실외","주차 가능"
"동작구","게이트볼장","현충근린공원(달마) 게이트볼장","동작구 흑석동 산60-3","37.484025","126.865421","820-1261","1면","-","무","실외","-"
"동작구","족구장","노들나루공원 족구장","동작구 노량진로 247","37.5138235","126.953907","820-1261","2면","-","무","실외","주차 가능"
"동작구","풋살장","노들나루공원 풋살장","동작구 노량진로 247","37.5138235","126.953907","820-1261","1면","-","무","실외","주차 가능"
"동작구","간이운동장","노량진근린공원(고구동산) 다목적구장","동작구 매봉로6길 16","37.5086944","126.9541709","820-9845","2면","-","무","실외","주차 가능"
"동작구","간이운동장","송학대공원","동작구 노량진동 325-2","37.508627","126.943711","820-1261","640㎡","-","무","실외","-"
"동작구","생활체육관","흑석체육센터","동작구 동작구 현충로 73","37.5100062","126.9634626","823-2273","","http://www.idongjak.or.kr/","유","실내","회원 3시간 무료 초과시 5분당 250원(36면)"
"동작구","배드민턴장","보라매공원","동작구 여의대방로20길 33","37.4932342","126.9197115","2181-1192","","http://parks.seoul.go.kr/boramae","무","실외","보라매공원 정문주차장 5분당 100원(86면) 보라매공원 동문주차장 5분당 100원(42면)"
"동작구","생활체육관","동작구민체육센터","동작구 여의대방로 16길 53","37.4946758","126.9167539","849-0100","","http://www.idongjak.or.kr/","유","실내","강습시간 30분 전후까지만 이용 가능 회원 최대 3시간 무료 초과시 10분당 500원(87면)"
"동작구","생활체육관","사당문화회관","동작구 사당로8길9","37.4846829","126.9695996","588-4111","","http://www.idongjak.or.kr/","유","실내","강습시간 30분 전후까지만 이용 가능 회원 최대 3시간 무료 초과시 10분당 500원"
"동작구","생활체육관","사당종합체육관","동작구 사당로27길 232","37.4875595","126.9751922","595-5556","","http://www.idongjak.or.kr/","유","실내","회원 3시간 무료 초과시 5분당 250원(60면)"
"동작구","생활체육관","서울여성플라자 스포츠센터","동작구 여의대방로 54길 18","37.5115519","126.9271787","822-2426","","http://www.womansports.co.kr/","유","실내","회원 3시간 무료"
"동작구","배드민턴장","송학대공원 배드민턴장","동작구 노량진동 325-2","37.508627","126.943711","820-1261","2면","-","무","실외","-"
"동작구","수영장","사당문화회관 수영장","동작구 사당로8길9","37.4846829","126.9695996","588-4111","","http://www.idongjak.or.kr/","유","실내","강습시간 30분 전후까지만 이용 가능 회원 최대 3시간 무료 초과시 10분당 500원"
"동작구","수영장","서울여성플라자 수영장","동작구 여의대방로 54길 18","37.5115519","126.9271787","822-2426","6개 레인 ","http://www.womansports.co.kr/","유","실내","회원 3시간 무료"
"동작구","수영장","흑석체육센터 수영장","동작구 동작구 현충로 73","37.5100062","126.9634626","823-2273","5레인","http://www.idongjak.or.kr/","유","실내","회원 3시간 무료 초과시 5분당 250원(36면)"
"동작구","수영장","동작구민체육센터 수영장","동작구 여의대방로 16길 53","37.4946758","126.9167539","849-0100","","http://www.idongjak.or.kr/","유","실내","강습시간 30분 전후까지만 이용 가능 회원 최대 3시간 무료 초과시 10분당 500원(87면)"
"동작구","골프연습장","동작구민체육센터 골프연습장","동작구 여의대방로 16길 53","37.4946758","126.9167539","849-0100","","http://www.idongjak.or.kr/","유","실내","강습시간 30분 전후까지만 이용 가능 회원 최대 3시간 무료 초과시 10분당 500원(87면)"
"동작구","축구장","보라매공원 인조구장","동작구 여의대방로20길 33","37.4932342","126.9197115","849-1201","","http://parks.seoul.go.kr/boramae","무","실외","보라매공원 정문주차장 5분당 100원(86면) 보라매공원 동문주차장 5분당 100원(42면)"
"동작구","테니스장","보라매공원 테니스장","동작구 신대방동 395-3","37.4950042","126.9190652","849-1201","6면","http://parks.seoul.go.kr/boramae","무","실외","보라매공원 정문주차장 5분당 100원(86면) 보라매공원 동문주차장 5분당 100원(42면)"
"동작구","게이트볼장","보라매공원","동작구 여의대방로20길 33","37.4932342","126.9197115","2181-1192","","http://parks.seoul.go.kr/boramae","무","실외","보라매공원 정문주차장 5분당 100원(86면) 보라매공원 동문주차장 5분당 100원(42면)"
"동대문구 ","테니스장","중랑천1체육공원","동대문구 장안동 중랑천제1체육공원","37.566925","127.075431","-","2면","-","무","실외","-"
"동대문구","학교체육시설","숭인중학교","동대문구 답십리동 463-12","37.573706","127.04388","2215-0176","","www.soongin.ms.kr","무","실외","-"
"동대문구","생활체육관","이문체육문화센터","동대문구 한천로58길 81-49","37.6022252","127.0686956","963-0534","3295㎡","http://www.dfmc.kr","유","실내","무료"
"동대문구","구기체육관","동대문구체육관","동대문구 답십리로 210-3","37.5722643","127.0639667","2247-9611","5743㎡","http://www.dfmc.kr","유","실내","주차 가능(56면)"
"동대문구","생활체육관","동대문구민체육센터","동대문구 장안벚꽃로 67","37.5668194","127.0739112","2247-9772","5157㎡","http://www.dfmc.kr","유","실내","주차 가능"
"동대문구","생활체육관","동대문종합사회복지관","동대문구 약령시로 5길 22","37.5839428","127.0342231","920-4500","","http://www.communitycenter.or.kr/","유","실내","주차 가능"
"동대문구","수영장","동대문구민체육센터 수영장","동대문구 장안벚꽃로 67","37.5668194","127.0739112","2247-9772","","http://www.dfmc.kr","유","실내","주차 가능"
"동대문구","수영장","동대문청소년수련관 수영장","동대문구 제기로 33길 25   ","37.5872685","127.0499878","3295-1478","","http://www.ddmy.or.kr/","유","실내","주차 불가"
"동대문구","수영장","동대문종합사회복지관 수영장","동대문구 약령시로 5길 22","37.5839428","127.0342231","920-4500","","http://www.communitycenter.or.kr/","유","실내","주차 가능"
"동대문구","테니스장","장평근린공원 테니스장","동대문구 장안벚꽃로 67","37.5668194","127.0739112","2247-9772","3면","www.dfmc.kr","유","실외","-"
"동대문구","농구장","간데메공원 농구장","동대문구 서울시립대로2길 59 ","37.573581","127.048663","2249-2770","","-","무","실외","주차 가능"
"동대문구","수영장","동대문구 야외수영장","동대문구 장안동 20-5","37.5681263","127.0761511","2247-9772","400㎡","-","무","실외","주차 가능"
"동대문구","생활체육관","동대문청소년수련관","동대문구 제기로 33길 25   ","37.5872685","127.0499878","3295-1478","","http://www.ddmy.or.kr/","유","실내","주차 불가"
"동대문구","학교체육시설","전동초등학교","동대문구 전농2동 45-41","37.579472","127.061378","2245-9538","","www.jeon-dong.es.kr","무","실외","-"
"도봉구","생활체육관","창동문화체육센터","도봉구 노해로69길 132","37.6582713","127.0506149","901-5000","","http://www.dobongsiseol.or.kr/index_sport.html","유","실내","비회원 10분당 500원 / 회원 3시간 무료"
"도봉구","테니스장","창동 생활체육실내테니스장","도봉구 창동 1-24","37.657144","127.051776","2289-6870","3면","http://gongdan.nowon.kr/culturebusiness/wolgae/info.html","유","실내","주차 가능"
"도봉구","게이트볼장","도봉게이트볼장","도봉구 도봉2동 84-3","37.6814902","127.0504324","2289-8578","","-","무","실외","-"
"도봉구","학교체육시설","창일중학교","도봉구 창동 노해로66길 60","37.648245","127.047166","994-5934","","http://changil.ms.kr/","무","실외","-"
"도봉구","학교체육시설","도봉중학교","도봉구 도봉동 마들로 671","37.670655","127.045696","954-4117","","http://www.dobong.ms.kr/","무","실외","-"
"도봉구","학교체육시설","창동중학교","도봉구 방학1동 방학로 32","37.66272","127.049801","2289-6600","","http://www.changdong.ms.kr/","무","실외","-"
"도봉구","학교체육시설","초당초등학교","도봉구 방학3동 514-2","37.658083","127.022289","3491-3127","","http://www.chodang.es.kr/","무","실외","-"
"도봉구","학교체육시설","도봉초등학교","도봉구 도봉1동 도봉로173길 96","37.679317","127.038365","3494-5101","","http://www.dobong.es.kr/","무","실외","-"
"도봉구","축구장","다락원체육공원","도봉구 창포원로 45","37.6893266","127.0480981","901-5190","1면","http://yeyak.dobongsiseol.or.kr/rent/application/index/2018/08/05/1/DOBONG05","유","실외","주차 가능(63면)"
"도봉구","테니스장","다락원체육공원","도봉구 창포원로 45","37.6893266","127.0480981","901-5190","3면","http://yeyak.dobongsiseol.or.kr/rent/application/index/2018/08/05/1/DOBONG05","유","실외","주차 가능(63면)"
"도봉구","배드민턴장","다락원체육공원","도봉구 창포원로 45","37.6893266","127.0480981","901-5190","14면","http://yeyak.dobongsiseol.or.kr/rent/application/index/2018/08/05/1/DOBONG05","유","실외","주차 가능(63면)"
"도봉구","풋살장","초안산 풋살경기장","도봉구 해등로3길 48-11","37.6474261","127.0414291","2289-8578","1면","-","무","실외","-"
"도봉구","농구장","쌍문근린공원","도봉구 쌍문동 산 80-1","37.6541919","127.0290879","2289-8597","","-","무","실외","-"
"도봉구","농구장","창동산 농구장","도봉구 창동 산137-52","37.6441026","127.0413585","-","","-","무","실외","-"
"도봉구","배드민턴장","","도봉구 도봉동 8","","","-","14면","","","",""
"도봉구","테니스장","","도봉구 도봉동 8","","","-","8면","","","",""
"도봉구","게이트볼장","","도봉구 도봉동 8","","","-","4면","","","",""
"도봉구","축구장","","도봉구 도봉동 8","","","-","","","","",""
"도봉구","축구장","초안산 창골인조잔디구장","도봉구 해등로3길 48-11","37.6474261","127.0414291","907-0099","1면","-","무","실외","주차 가능"
"도봉구","테니스장","창동 생활체육테니스장","도봉구 창동 1-24","37.657598","127.051524","2289-6870","6면","http://gongdan.nowon.kr/culturebusiness/wolgae/info.html","유","실외","주차 가능"
"도봉구","학교체육시설","신도봉중학교","도봉구 도봉로115길 16","37.649517","127.033217","992-3462","","http://sindobong.ms.kr/","무","실외","-"
"도봉구","구기체육관","도봉실내배드민턴장","도봉구 도봉2동 84-6 ","37.6814387","127.0503481","901-5180","7면","https://www.dobongsiseol.or.kr/","유","실내","주차 가능"
"도봉구","구기체육관","초안산실내배드민턴장","도봉구 덕릉로 63길 76-10","37.6447498","127.0409457","901-5125","6면","https://www.dobongsiseol.or.kr/","유","실내","주차 가능(11면)"
"도봉구","구기체육관","창동배드민턴장","도봉구 노해로 69길 132 ","37.656112","127.051245","901-5049","","https://www.dobongsiseol.or.kr/","유","실내","주차 가능"
"도봉구","수영장","도봉실내수영장","도봉구 도봉로 180 나길41","37.6857879","127.0479503","901-5170","935.19㎡","https://www.dobongsiseol.or.kr/","유","실내","주차 가능"
"도봉구","수영장","창동문화체육센터 수영장","도봉구 노해로69길 132","37.6582713","127.0506149","901-5000","1383㎡","http://www.dobongsiseol.or.kr/index_sport.html","유","실내","비회원 10분당 500원 / 회원 3시간 무료"
"도봉구","풋살장","창동문화체육센터 풋살장","도봉구 노해로69길 132","37.6582713","127.0506149","901-5000","8695㎡","http://www.dobongsiseol.or.kr/index_sport.html","유","실내","비회원 10분당 500원 / 회원 3시간 무료"
"도봉구","생활체육관","대우스포츠센터","도봉구 덕릉로63가길 61","37.6423565","127.0375024","904-9633","","https://daewoosports.modoo.at/","유","실내","주차 가능"
"도봉구","생활체육관","도봉구민회관","도봉구 도봉로 552","37.6540005","127.0386044","901-5160","","http://www.dobongsiseol.or.kr/","유","실내","주차 가능(68면)"
"도보구","축구장","창동축구장","도봉구 창동 1-24","37.656196","127.050426","901-5000","8695㎡","www.dobongsiseol.or.kr/index_sport.html","무","실외","비회원 10분당 500원 / 회원 3시간 무료"
"노원구","축구장","불암산축구장","노원구 중계로 36","37.6391199","127.0840075","2289-6854","6825㎡","http://gongdan.nowon.kr/","무","실외","-"
"노원구","풋살장","불암산풋살장","노원구 중계로 36","37.6391199","127.0840075","2289-6854","1134㎡","http://gongdan.nowon.kr/","무","실외","-"
"노원구","국궁장","수락정","노원구 상계동 산155-1","37.683879","127.08544","939-5154","","-","유","실외","-"
"노원구","족구장","불암산족구장","노원구 중계로 36","37.6391199","127.0840075","2289-6854","3면","http://gongdan.nowon.kr/","무","실외","-"
"노원구","야구장","육사야구장","노원구 공릉동 25-5외 3필지","37.629688","127.0979415","2289-6854","9320㎡","http://gongdan.nowon.kr/","무","실외","-"
"노원구","생활체육관","월계문화체육센터","노원구 월계로 298","37.6285057","127.0567724","2289-6870","","http://gongdan.nowon.kr/culturebusiness/wolgae/info.html","유","실내","주차 가능"
"노원구","생활체육관","노원구민체육센터","노원구 노원로22길 1","37.6481175","127.0706261","2289-6800","","http://gongdan.nowon.kr/culturebusiness/nowon/info.html","유","실내","10분당 300원"
"노원구","생활체육관","동천재활체육센터","노원구 노원로18길 41 ","37.644436","127.0733938","949-9114","","http://www.dcsports.co.kr/","유","실내","주차 가능"
"노원구","수영장","노원구민체육센터 수영장","노원구 노원로22길 1","37.6481175","127.0706261","2289-6800","1813㎡","http://gongdan.nowon.kr/culturebusiness/nowon/info.html","유","실내","10분당 300원"
"노원구","생활체육관","노원청소년수련관 체육관","노원구 덕릉로70길 99","37.640577","127.059609","3391-4141","","http://youthcenter.or.kr/","유","실내","-"
"노원구","수영장","노원청소년수련관 수영장","노원구 덕릉로70길 99","37.640577","127.059609","3391-4141","","http://youthcenter.or.kr/","유","실내","-"
"노원구","수영장","중랑천워터파크","노원구 상계동 770-6","37.6444435","127.056264","2289-6854","1면","http://gongdan.nowon.kr/","무","실외","주차 가능"
"노원구","축구장","마들스타디움 축구장","노원구 덕릉로 450","37.6438715","127.0585375","2289-6855","8436㎡","http://gongdan.nowon.kr/","무","실외","주차 가능(248면)"
"노원구","테니스장","마들스타디움 테니스장","노원구 덕릉로 450","37.6438715","127.0585375","2289-6854","9면","http://gongdan.nowon.kr/","유","실외",""
"노원구","배드민턴장","불암산배드민턴장","노원구 중계로 36","37.6391199","127.0840075","2289-6856","13면","http://gongdan.nowon.kr/","유","실내","주차 가능(99면)"
"노원구","빙상장","태릉선수촌 국제스케이트장","노원구 화랑로 727","37.638659","127.10307","970-0501","","www.icerink.or.kr/ ","유","실내","주차 가능"
"노원구","빙상장","태릉선수촌 실내빙상장","노원구 화랑로 681","37.637435","127.103092","970-0061","","-","유","실내","주차 가능"
"노원구","론볼장","불암산론볼장","노원구 중계로 36","37.6391199","127.0840075","2289-6854","","http://gongdan.nowon.kr/","무","실외","-"
"노원구","야구장","불암산야구장","노원구 중계로 36","37.6391199","127.0840075","2289-6854","5400㎡","http://gongdan.nowon.kr/","무","실외","-"
"노원구","테니스장","불암산테니스장","노원구 중계로 36","37.6391199","127.0840075","2289-6854","3면","http://gongdan.nowon.kr/","무","실외","-"
"노원구","배드민턴장","월계배드민턴장","노원구 마들로 5가길 113","37.6383233","127.0519475","2289-6863","10면","http://gongdan.nowon.kr/","유","실내","주차 가능"
"노원구","축구장","초안산근린공원 축구장","노원구 마들로 5가길 113","37.6383233","127.0519475","2289-6855","6630㎡","http://gongdan.nowon.kr/","무","실외","주차 가능(64면)"
"노원구","테니스장","초안산근린공원 테니스장","노원구 마들로 5가길 113","37.6383233","127.0519475","2289-6854","4면","http://gongdan.nowon.kr/","무","실외","-"
"노원구","풋살장","초안산풋살장","노원구 마들로 5가길 113","37.6383233","127.0519475","2289-6854","720㎡","http://gongdan.nowon.kr/","무","실외","주차 가능"
"노원구","배드민턴장","당고개배드민턴장","노원구 상계로 273","37.6645066","127.0737934","2289-6864","7면","http://gongdan.nowon.kr/","유","실내","-"
"노원구","풋살장","당고개풋살장","노원구 상계34동 산 158-1","37.6758576","127.0883127","2289-6854","1200㎡","http://gongdan.nowon.kr/","무","실외","-"
"노원구","골프연습장","중랑천파크골프장","노원구 월계동 230-10 ","37.6372286","127.058363","2116-4168","481m 9개 홀","http://www.nowon.kr/","무","실외","-"
"노원구","간이운동장","공릉동다목적구장","노원구 화랑로 51길 17","37.6234019","127.0884994","2289-6854","1063㎡","http://gongdan.nowon.kr/","무","실외","-"
"노원구","골프연습장","공릉동근린공원","노원구 공릉동 63-1","37.6207689","127.087187","","18홀","http://gongdan.nowon.kr/","무","실외","-"
"노원구","축구장","노해근린공원 축구장","노원구 중계1동 360-18","37.6481175","127.0706261","2116-3942","1면","http://www.nowon.kr/new/green/green.jsp?mid=540130","무","실외","-"
"노원구","사격장","공릉중학교내사격장","노원구 노원로1길 42","37.6222083","127.0837653","971-5212 ","","http://kongrung.ms.kr/","무","실내","-"
"노원구","빙상장","광운대학교","노원구 광운로 20","37.6194277","127.05982","909-3114","","http://icerink.kw.ac.kr/","유","실내","-"
"노원구","학교체육시설","당현초등학교","노원구 상계동 동일로213길 52","37.648560","127.058438","932-0605","","http://www.danghyeon.es.kr/index.do","무","실외","-"
"노원구","학교체육시설","수암초등학교","노원구 중계본동 중계로12길 9","37.648311","127.081521","3392-4277","","http://www.suam.es.kr/","무","실외","-"
"노원구","학교체육시설","중현초등학교","노원구 하계2동 섬밭로 181","37.632489","127.066353","979-8433","","http://joonghyun.es.kr/","무","실외","-"
"노원구","학교체육시설","중평중학교","노원구 하계2동 동일로203길 87","37.636923","127.062346","977-3026","","http://jungpyong.ms.kr/","무","실외","-"
"노원구","학교체육시설","상경초등학교","노원구 상계동 수락산로 237","37.670392","127.051680","937-3147","","http://sanggyeong.es.kr/","무","실외","-"
"노원구","학교체육시설","상원중학교","노원구 상계9동 수락산로 182","37.671730","127.059406","930-0762","","http://sang-won.ms.kr/","무","실외","-"
"노원구","학교체육시설","하계중학교","노원구 하계동 노원로 261-8","37.640758","127.071575","3399-0200","","http://www.hagye.ms.kr/","무","실외","-"
"노원구","학교체육시설","청계초등학교","노원구 공릉로 431","37.644838","127.066207","949-2823","","http://www.scg.es.kr/","무","실외","-"
"금천구","생활체육관","금빛휘트니스센터","금천구 금하로 668","37.4525867","126.9043003","802-9685","","http://www.gfmc.kr/","유","실내","회원 3시간 무료"
"금천구","생활체육관","금천구민문화체육센터","금천구 독산로54길 188","37.4702259","126.9070647","861-1313","","http://www.gfmc.kr/","유","실내","회원 3시간 무료"
"금천구","풋살장","안양천박미풋살장","금천구 시흥동 673-2","37.4382814","126.901076","2627-1863","","https://www.geumcheon.go.kr/","무","실외","-"
"금천구","테니스장","독산 테니스장","금천구 독산로54길 288","37.4749586","126.9064282","2627-1473","6면","http://www.geumcheon.go.kr/","유","실외","주차 가능"
"금천구","구기체육관","독산 배드민턴체육관","금천구 독산로54길 102-82","37.4667151","126.9089754","869-7577","9면","http://www.geumcheon.go.kr/","유","실내","주차 가능"
"금천구","축구장","독산동 잔디축구장","금천구 독산1동 1086번지","37.4636133","126.8841338","809-1912","","http://www.gfmc.kr/","무","실외","-"
"금천구","골프연습장","금빛휘트니스센터 골프연습장","금천구 금하로 668","37.4525867","126.9043003","802-9685","365㎡","http://www.gfmc.kr/","유","실내","회원 3시간 무료"
"금천구","골프연습장","금천구민문화체육센터 골프연습장","금천구 독산로54길 188","37.4702259","126.9070647","861-1313","290.9㎡","http://www.gfmc.kr/","유","실내","회원 3시간 무료"
"금천구","수영장","금천청소년수련관 수영장","금천구 금하로30길 54","37.448335","126.915515","803-1318","","www.cyc.or.kr ","유","실내","-"
"금천구","수영장","금천구민문화체육센터 수영장","금천구 독산로54길 188","37.4702259","126.9070647","861-1313","958㎡","http://www.gfmc.kr/","유","실내","회원 3시간 무료"
"금천구","학교체육시설","독산고등학교","금천구 독산3동 문성로 64","37.476624","126.910976","857-6248","","http://www.doksan.hs.kr/","무","실외","-"
"금천구","생활체육관","금천생활속창의공작플라자","금천구 독산로54길 279","37.474432","126.905786","-","","-","","","-"
"금천구","생활체육관","금천청소년수련관 체육관","금천구 금하로30길 54","37.448335","126.915515","803-1318","","www.cyc.or.kr ","유","실내","-"
"구로구","축구장","고척근린공원 운동장","구로구 고척동 산9-14번지","37.505969","126.853168","860-3086","1면","http://www.guro.go.kr/culture/attraction/park/","무","실외","5분당 150원(199면)"
"구로구","인라인스케이트장","안양천 오금교 하부 인라인스케이트장","","","","","","","","",""
"구로구","인라인스케이트장","안양천 고척교 하부 X게임장","","","","","","","","",""
"구로구","인라인스케이트장","구일역 하부 인라인스케이트장","","","","","","","","",""
"구로구","양궁장","안양천체육생태공원","구로구 신도림동","37.5077345","126.8805914","860-3114","","http://www.guro.go.kr/culture/sports/facilities.jsp","유","실외","-"
"구로구","국궁장","안양천체육생태공원","구로구 신도림동","37.5077345","126.8805914","860-3114","","http://www.guro.go.kr/culture/sports/facilities.jsp","무","실외","-"
"구로구","인라인스케이트장","안양천체육생태공원","구로구 신도림동","37.5077345","126.8805914","860-3114","1면","http://www.guro.go.kr/culture/sports/facilities.jsp","무","실외","-"
"구로구","야구장","안양천체육생태공원","구로구 신도림동","37.5077345","126.8805914","860-3114","","http://www.guro.go.kr/culture/sports/facilities.jsp","무","실외","-"
"구로구","게이트볼장","안양천체육생태공원","구로구 신도림동","37.5077345","126.8805914","860-3114","2면","http://www.guro.go.kr/culture/sports/facilities.jsp","유","실외","-"
"구로구","축구장","안양천체육생태공원 C구장","구로구 신도림동","37.5077345","126.8805914","860-3114","","http://www.guro.go.kr/culture/sports/facilities.jsp","유","실외","-"
"구로구","축구장","안양천체육생태공원 B구장","구로구 신도림동","37.5077345","126.8805914","860-3114","","http://www.guro.go.kr/culture/sports/facilities.jsp","유","실외","-"
"구로구","축구장","안양천체육생태공원 A구장","구로구 신도림동","37.5077345","126.8805914","860-3114","","http://www.guro.go.kr/culture/sports/facilities.jsp","유","실외","-"
"구로구","수영장","50플러스수영장","구로구 오류로 36-25","37.4881908","126.8420685","2066-1515","1290㎡","https://www.gurosisul.or.kr/","유","실내","천왕역 환승센터 주차장 이용"
"구로구","축구장","고척스카이돔 야외 축구장","구로구 고척동 66-47","37.4958302","126.8674899","2128-2334","1면","http://www.sisul.or.kr/open_content/skydome/","무","실외","고척돔 주차장 1시간 1800원(492면)"
"구로구","생활체육관","신도림생활체육관","구로구 경인로 67길 149","37.5122164","126.8864678","1899-9912","","https://www.gurosisul.or.kr/","유","실내","회원 3시간 무료 초과시 30분당 1000원"
"구로구","생활체육관","개웅산생활체육관","구로구 개봉로3길 108-20","37.485685","126.8505602","3666-0287","","https://www.gurosisul.or.kr/","유","실내","회원 2시간 무료"
"구로구","생활체육관","구로구민체육센터","구로구 고척로45길 39","37.5059009","126.8531819","2681-9595","","https://www.gurosisul.or.kr/","유","실내","회원 2시간 무료"
"구로구","생활체육관","구로5동 구로구민생활체육관","구로구 새말로 18길 31","37.5051911","126.8927669","858-5150","","-","유","실내","주차 가능"
"구로구","생활체육관","구로청소년수련관 체육관","구로구 구로동로 141 ","37.4912729","126.8833142","838-1318 ","","http://www.guro1318.org/","유","실내","주차 가능"
"구로구","수영장","구로구민체육센터 수영장","구로구 고척로45길 39","37.5059009","126.8531819","2681-9595","","https://www.gurosisul.or.kr/","유","실내","회원 2시간 무료"
"구로구","수영장","궁동종합사회복지관 수영장","구로구 궁동 오리로22길 5","37.499142","126.829696","2613-9367","","http://www.happykd.or.kr","유","실내","-"
"구로구","수영장","구로청소년수련관 수영장","구로구 구로동로 141 ","37.4912729","126.8833142","838-1318 ","","http://www.guro1318.org/","유","실내","주차 가능"
"구로구","수영장","신도림생활체육관 수영장","구로구 경인로 67길 149","37.5122164","126.8864678","1899-9912","","https://www.gurosisul.or.kr/","유","실내","회원 3시간 무료 초과시 30분당 1000원"
"구로구","수영장","고척스카이돔 수영장","구로구 고척동 66-47","37.4958302","126.8674899","2066-5400","25m × 6레인","http://www.gocheok-sc.or.kr/","유","실내","고척돔 주차장 1시간 1800원(492면)"
"구로구","야구장","고척스카이돔 야구장","구로구 고척동 63-6","37.4987976","126.8672325","2128-2335","62443㎡","http://www.sisul.or.kr/open_content/skydome/","무","실내","고척돔 주차장 1시간 1800원(492면)"
"구로구","풋살장","고척스카이돔 야외 풋살장","구로구 고척동 63-6","37.4987976","126.8672325","2123-2300","2면","http://www.sisul.or.kr/open_content/skydome/","무","실외","고척돔 주차장 1시간 1800원(492면)"
"구로구","학교체육시설","구로초등학교","구로구 구로중앙로27나길 9","37.49719","126.885983","861-1941","","http://www.guro.es.kr/","무","실외","-"
"구로구","학교체육시설","신도림고등학교","구로구 경인로 67길 159","37.514207","126.882053","2068-7979","","http://www.shindorim.hs.kr/","무","실외","-"
"구로구","학교체육시설","구현고등학교","구로구 경인로 53가길 17","37.502219","126.874523","2628-8916","","http://www.guhyun.hs.kr/","무","실외","-"
"구로구","학교체육시설","개웅중학교","구로구 개봉로11길 81","37.487244","126.851237","2613-3342","","www.kaewoong.ms.kr","무","실외","-"
"구로구","배드민턴장","오류고가하부 배드민턴장","구로구 오류2동 94-16","37.492371","126.8320344","2060-7259","10면","-","유","실내","주차 가능"
"구로구","농구장","고척돔구장 주차장 내 농구장","구로구 고척동 66-47","37.4958302","126.8674899","2123-2300","","-","무","실외","고척돔 주차장 1시간 1800원(492면)"
"구로구","축구장","계남근린공원 인조잔디 축구장","구로구 고척동 산6-1","37.5086492","126.8555162","860-3364","","http://www.guro.go.kr/culture/sports/facilities.jsp","무","실외","고척근린공원 공영주차장 이용"
"구로구","배드민턴장","구로누리 배드민턴장","구로구 새말로 18길 39","37.5046337","126.8928463","869-9677","7면","https://www.gurosisul.or.kr/","유","실내","주차 가능(20면)"
"구로구","테니스장","신도림테니스장","구로구 신도림동 301","37.5127968","126.8820604","1899-9912","4면","https://www.gurosisul.or.kr/","유","실외","신도림생활체육관 주차장 이용"
"구로구","축구장","계남근린공원 축구장","구로구 고척2동 산6-1","37.508683","126.855354","2611-2203","4420㎡","https://yeyak.seoul.go.kr/","무","실외","주차 불가"
"구로구","테니스장","계남근린공원 테니스장","구로구 고척2동 1-3번지 ","37.5094119","126.8575122","2681-5199","3면","http://www.guro.go.kr/culture/attraction/park/","유","실내","고척근린공원 공영주차장 이용"
"구로구","테니스장","고척근린공원 테니스장","구로구 고척동 산9-14번지","37.505969","126.853168","860-3086","1면","http://www.guro.go.kr/culture/attraction/park/","유","실외","5분당 150원(199면)"
"광진구","생활체육관","광진청소년수련관 농구장","광진구 구천면로 2","37.5461603","127.1065423","2204-3100","","http://www.seekle.or.kr/index.html","유","실외","최초 30분 1000원 초과 10분당 500원"
"광진구","생활체육관","광진구민체육센터","광진구 구천면로 14 ","37.5461603","127.1065423","2049-4800","","http://gumin.gwangjin.or.kr/","유","실내","주차 가능(84면)"
"광진구","생활체육관","광진문화예술회관 체육관","광진구 능동로 76","37.5373529","127.0705248","2049-4570","","http://gjart.gwangjin.or.kr/","유","실내","주차 가능"
"광진구","생활체육관","중곡문화체육센터","광진구 능동로 433","37.5677533","127.0847135","3408-4900","","http://jgsports.gwangjin.or.kr/","유","실내","주차 가능 옥내(52면) 옥외(4면)"
"광진구","생활체육관","동부여성발전센터 체육관","광진구 아차산로 30길 36","37.539433","127.066707","460-2366","","http://dongbu.seoulwomanup.or.kr/","유","실내","최초 1시간 1000원 초과 10분당 200원(54면)"
"광진구","수영장","동부여성발전센터 수영장","광진구 아차산로 30길 36","37.539433","127.066707","460-2366","25m 5레인","http://dongbu.seoulwomanup.or.kr/","유","실내","최초 1시간 1000원 초과 10분당 200원(54면)"
"광진구","수영장","광진문화예술회관 수영장","광진구 능동로 76","37.5373529","127.0705248","2049-4570","25m 6레인","http://gjart.gwangjin.or.kr/","유","실내","주차 가능"
"광진구","수영장","광진구민체육센터 수영장","광진구 구천면로 14 ","37.5461603","127.1065423","2049-4800","290평","http://gumin.gwangjin.or.kr/","유","실내","주차 가능(84면)"
"광진구","수영장","중곡문화체육센터 수영장","광진구 능동로 433","37.5677533","127.0847135","3408-4900","676.1m²","http://jgsports.gwangjin.or.kr/","유","실내","주차 가능 옥내(52면) 옥외(4면)"
"광진구","골프연습장","광진구민체육센터 골프연습장","광진구 구천면로 14 ","37.5461603","127.1065423","2049-4800","10타석","http://gumin.gwangjin.or.kr/","유","실내","주차 가능(84면)"
"광진구","골프연습장","광진문화예술회관 골프연습장","광진구 능동로 76","37.5373529","127.0705248","2049-4570","12타석","http://gjart.gwangjin.or.kr/","유","실내","주차 가능"
"광진구","야구장","구의야구공원","광진구 워커힐로 57-30 구의야구장 ","","","3436-2889","1면","http://stadium.seoul.go.kr/reserve/reserve_04_01_01.html ","무","실외","주차 가능(10면)"
"광진구","축구장","뚝섬한강공원","광진구 자양동 704-3","37.528161","127.075835","453-3028","2면","http://hangang.seoul.go.kr/archives/46661","무","실외","최초 30분 1000원 초과 10분당 200원"
"광진구","족구장","뚝섬한강공원","광진구 자양동 422","37.5277575","127.0762385","3780-0521","2면","http://hangang.seoul.go.kr/archives/46661","무","실외","최초 30분 1000원 초과 10분당 200원"
"광진구","농구장","뚝섬한강공원","광진구 자양동 422","37.5277575","127.0762385","3780-0521","4면","http://hangang.seoul.go.kr/archives/46661","무","실외","최초 30분 1000원 초과 10분당 200원"
"광진구","수영장","뚝섬한강공원","광진구 자양동 704-3","37.529825","127.067039","452-5955","21000㎡","http://hangang.seoul.go.kr/archives/46661","무","실외","최초 30분 1000원 초과 10분당 200원"
"광진구","배드민턴장","뚝섬한강공원","광진구 자양동 427-22","37.528537","127.0738405","3780-0521","3면","http://hangang.seoul.go.kr/archives/46661","무","실외","최초 30분 1000원 초과 10분당 200원"
"광진구","테니스장","뚝섬한강공원","광진구 자양동 410-1","37.5278859","127.0753793","3780-0521","4면","http://hangang.seoul.go.kr/archives/46661","무","실외","최초 30분 1000원 초과 10분당 200원"
"광진구","인라인스케이트장","광장동체육부지 인라인스케이트장","광진구 광장동 318-6번지","37.545705","127.106831","-","","-","무","실외","-"
"광진구","인라인스케이트장","중랑천체육공원 인라인스케이트장","동대문구 장안동","","","","","","유","실외",""
"광진구","게이트볼장","어린이대공원 게이트볼장","광진구 능동 18","37.549363","127.0818126","450-9356","","-","무","실외","어린이대공원 공영주차장 이용"
"광진구","축구장","어린이대공원 잔디축구장","광진구 능동 18","37.549363","127.0818126","450-9356","1면","-","무","실외","어린이대공원 공영주차장 이용"
"광진구","풋살장","어린이대공원 풋살장","광진구 능동 18","37.549363","127.0818126","450-9356","","-","무","실외","어린이대공원 공영주차장 이용"
"광진구","테니스장","어린이대공원 테니스장","광진구 능동 18","37.549363","127.0818126","450-9356","","-","무","실외","어린이대공원 공영주차장 이용"
"광진구","테니스장","어린이대공원 실내테니스장","광진구 능동 18","37.549363","127.0818126","450-9356","","-","무","실내","어린이대공원 공영주차장 이용"
"광진구","테니스장","아차산배수지체육공원 테니스장","광진구 구의동 천호대로 731 ","37.5486303","127.0958048","3437-7234","4면","http://stadium.gwangjin.or.kr/","무","실외","주차 가능"
"광진구","간이운동장","아차산배수지체육공원","광진구 구의동 천호대로 731 ","37.5486303","127.0958048","3437-7234","1면","http://stadium.gwangjin.or.kr/","무","실외","주차 가능"
"광진구","축구장","아차산배수지 인조잔디축구장","광진구 구의동 38-4","37.548796 ","127.096980","3437-7234","1면","http://stadium.gwangjin.or.kr/","무","실외","주차 가능"
"광진구","인라인스케이트장","광장동체육공원","광진구 광장동 아차산로 586","37.5478086","127.1052825","2049-4800","","http://www.gumin.gwangjin.or.kr/","무","실외","-"
"광진구","구기체육관","광장동실내배드민턴장","광진구 천호대로140길 40","37.544382","127.1001834","458-9062","","http://minton.gwangjin.or.kr/","유","실내","비회원 10분당 500원 / 회원 3시간 무료"
"광진구","학교체육시설","광남초등학교","광진구 아차산로70길 35","37.541111","127.100714","455-3763","","seoulgwangnam.es.kr","무","실외","-"
"광진구","학교체육시설","구의초등학교","광진구 화양동 광나루로30길 49","37.543094","127.080344","444-6490","","guui.es.kr","무","실외","-"
"관악구","수영장","관악구민종합체육센터 수영장","관악구 낙성대로3길 37","37.473014","126.9603062","875-1188","2147m²","https://www.gwanakgongdan.or.kr/","유","실내","회원 3시간 무료"
"관악구","수영장","신림체육센터 수영장","관악구 난곡로58길 13","37.4801485","126.9161948","869-1888","950.2m²","https://www.gwanakgongdan.or.kr/","유","실내","회원 3시간 무료"
"관악구","골프연습장","관악구민종합체육센터 골프연습장","관악구 낙성대로3길 37","37.473014","126.9603062","875-1188","2147m²","https://www.gwanakgongdan.or.kr/","유","실내","회원 3시간 무료"
"관악구","축구장","성보고등학교","관악구 남부순환로156길 39","37.4801177","126.9207947","862-8409 ","","http://www.sungbo.hs.kr/","무","실외","-"
"관악구","농구장","성보고등학교","관악구 남부순환로156길 39","37.4801177","126.9207947","862-8409 ","","http://www.sungbo.hs.kr/","무","실외","-"
"관악구","족구장","당곡중학교","관악구 봉천로13길 101","37.4919353","126.9330422","870-7700 ","","www.danggok.ms.kr","무","실외","-"
"관악구","간이운동장","당곡중학교","관악구 봉천로13길 101","37.4919353","126.9330422","870-7700 ","","www.danggok.ms.kr","무","실외","-"
"관악구","테니스장","당곡고등학교","관악구 봉천로21길 108","37.4916205","126.9346016","6717-5200 ","","www.danggok.hs.kr","무","실외","-"
"관악구","학교체육시설","관악초등학교","관악구 청룡4길 49","37.480723","126.943311","874-3832","","http://www.seoul-kwanak.es.kr/","무","실외","-"
"관악구","학교체육시설","당곡중학교","관악구 봉천동 봉천로13길 101","37.491986","126.933189","870-7700","","http://www.danggok.ms.kr/","무","실외","-"
"관악구","학교체육시설","남부초등학교","관악구 남부순환로163길 14","37.484942","126.922095","857-5032","","http://seoulnambu.es.kr/index.do","무","실외","-"
"관악구","농구장","당곡고등학교","관악구 봉천로21길 108","37.4916205","126.9346016","6717-5200 ","","www.danggok.hs.kr","무","실외","-"
"관악구","테니스장","난우공원 테니스장","관악구 신림동 산 124-6","37.4626176","126.9383251","879-6523","2면","-","유","실외","주차 가능"
"관악구","테니스장","선우공원 테니스장","관악구 신림동 산 117-20 ","37.4626176","126.9383251","879-6523","2면","-","유","실외","주차 가능"
"관악구","테니스장","관악구민 테니스장","관악구 낙성대로 40","37.4753202","126.9569753","2081-2660","4면","https://www.gwanakgongdan.or.kr/","무","실외","관악구 민방위 교육장 인근 주차"
"관악구","축구장","관악구민운동장","관악구 낙성대로 40","37.4753202","126.9569753","2081-2660","1면","https://www.gwanakgongdan.or.kr/","무","실외","관악구 민방위 교육장 인근 주차"
"관악구","축구장","관악제2구민운동장","관악구 약수암길 43-1","37.4784063","126.9516133","2081-2650","1면","https://www.gwanakgongdan.or.kr/","무","실외","관악구 민방위 교육장 인근 주차"
"관악구","국궁장","관악정 궁도장","관악구 약수암길 43-3","37.4784063","126.9516133","887-7971","900m²","-","유","실외","주차 불가"
"관악구","구기체육관","국사봉체육관","관악구 국회단지길 144","37.4916975","126.9413684","2081-2690","배드민턴장(10면)","https://www.gwanakgongdan.or.kr/","유","실내","주차 가능"
"관악구","구기체육관","미성체육관","관악구 난우16길 37","37.4777468","126.9188017","2081-2635","배드민턴장(8면)","https://www.gwanakgongdan.or.kr/","유","실내","-"
"관악구","구기체육관","청룡산체육관","관악구 관악로 5길 91-41","37.47594","126.9516004","2081-2635","배드민턴장(4면)","https://www.gwanakgongdan.or.kr/","유","실내","주차 가능(14면)"
"관악구","구기체육관","장군봉체육관","관악구 남부순환로194길 81-12","37.4813112","126.9341533","2081-2635","배드민턴장(5면)","https://www.gwanakgongdan.or.kr/","유","실내","-"
"관악구","족구장","선우공원 족구장","관악구 미성동 산117-3","37.4683524","126.9137832","879-6522","2면","-","무","실외","-"
"관악구","배드민턴장","난우공원 배드민턴장","관악구 미성동 산124-6","37.4781214","126.9214408","855-7708","2면","-","무","실외","-"
"관악구","생활체육관","관악구민종합체육센터","관악구 낙성대로3길 37","37.473014","126.9603062","875-1188","","https://www.gwanakgongdan.or.kr/","유","실내","회원 3시간 무료"
"관악구","생활체육관","신림체육센터","관악구 난곡로58길 13","37.4801485","126.9161948","869-1888","","https://www.gwanakgongdan.or.kr/","유","실내","회원 3시간 무료"
"관악구","생활체육관","관악청소년회관","관악구 신림로23길 17","37.4701424","126.9352208","876-0636","","http://www.goyouth.or.kr/","유","실내","주차 가능"
"관악구","생활체육관","행운동체육센터","","","","","","","","",""
"관악구","수영장","관악청소년회관 수영장","관악구 신림로23길 17","37.4701424","126.9352208","876-0636","","http://www.goyouth.or.kr/","유","실내","주차 가능"
"강서구","축구장","우장산 인조잔디구장","강서구 화곡동 산 60번지","37.550438","126.845108","2600-4195","","http://www.gangseo.seoul.kr/","무","실외","주차 가능"
"강서구","구기체육관","마곡실내배드민턴장","강서구 양천로 251","37.573161","126.8316806","2063-3990","14면","-","유","실내","주차 가능"
"강서구","족구장","강서한강공원 족구장","강서구 개화동 173-8","37.5879925","126.8143969","3780-0621","","-","무","실외","최초 30분 1000원 추가 10분당 200원"
"강서구","축구장","강서한강공원 축구장","강서구 방화2동 양천로27길 279-23","37.588229","126.815224","3780-0621","","-","무","실외","-"
"강서구","축구장","가양축구장","강서구 가양3동 1493","37.559879","126.865356","6229-6680","","http://www.gssi.or.kr/","무","실외","주차 가능"
"강서구","테니스장","우장 테니스장","강서구 우장산로10길 112","37.550593","126.845811","2600-4195","4면","http://www.gangseo.seoul.kr/","무","실외","주차 가능"
"강서구","테니스장","구립 테니스장","강서구 방화3동 36-14","37.583794","126.815581","2600-6579","6면","-","유","실외","주차 가능"
"강서구","족구장","양천로족구장","강서구 방화동 54-5","37.5835919","126.8190645","-","","-","무","실외","주차 가능"
"강서구","국궁장","서울공항정","강서구 우장산로 72","37.552295","126.842843","698-0507","","http://cafe.daum.net/rhdgkdwjd/","유","실외","강서구민회관 또는 공영주차장 이용"
"강서구","테니스장","서남물재생센터공원테니스장","강서구 마곡동 202번지","37.574421","126.824228","3660-2254","14면","http://tennis.seonam.seoul.kr/","유","실외","-"
"강서구","탁구장","서남물재생센터탁구장","강서구 마곡동 202번지","37.5740018","126.8229903","3661-1936","144.78㎡(4대)","-","유","실내","주차 가능"
"강서구","농구장","서남물재생센터공원","강서구 양천로 201","37.57649","126.822494","3661-1936","","-","무","실외","주차 가능"
"강서구","축구장","서남물재생센터공원","강서구 양천로 201","37.5764563","126.813873","3661-1936","1면","http://football.seonam.seoul.kr/","무","실외","주차 가능"
"강서구","풋살장","서남물재생센터공원","강서구 양천로 201","37.577124","126.820716","3661-1936","","-","무","실외","주차 가능"
"강서구","게이트볼장","서남물재생센터공원","강서구 양천로 201","37.577972","126.820271","3661-1936","","-","무","실외","주차 가능"
"강서구","골프연습장","강서구민 올림픽체육센터 골프연습장","강서구 화곡로 65길 62","37.5596266","126.8505729","3662-9082","","http://www.gssi.or.kr/","유","실내","주차 가능(48면)"
"강서구","학교체육시설","치현초등학교","강서구 방화대로47길 43","37.57555","126.814632","2661-6272","","http://www.chihyeon.es.kr/","무","실외","-"
"강서구","수영장","강서구민 올림픽체육센터 수영장","강서구 화곡로 65길 62","37.5596266","126.8505729","3662-9082","25m 7레인","http://www.gssi.or.kr/","유","실내","주차 가능(48면)"
"강서구","수영장","마곡레포츠센터 수영장","강서구 양천로 251","37.573161","126.8316806","3662-9082","25m 6레인","http://www.gssi.or.kr/","유","실내","주차 가능"
"강서구","수영장","공항동문화체육센터 수영장","강서구 송정로 45","37.5585677","126.8100905","3662-9082","25m 6레인","http://www.gssi.or.kr/","유","실내","주차 가능"
"강서구","생활체육관","마곡레포츠센터","강서구 양천로 251","37.573161","126.8316806","3662-9082","","http://www.gssi.or.kr/","유","실내","주차 가능"
"강서구","생활체육관","공항동문화체육센터","강서구 송정로 45","37.5585677","126.8100905","3662-9082","","http://www.gssi.or.kr/","유","실내","주차 가능"
"강서구","생활체육관","강서구민 올림픽체육센터","강서구 화곡로 65길 62","37.5596266","126.8505729","3662-9082","","http://www.gssi.or.kr/","유","실내","주차 가능(48면)"
"강서구","생활체육관","가양레포츠센터","강서구 양천로 61길 101","37.5619849","126.863732","6741-0331","","http://www.gssi.or.kr/","유","실내","주차 가능"
"강서구","학교체육시설","가곡초등학교","강서구 공항대로36길 74","37.555371","126.835818","2661-5995","","http://www.ga-gok.es.kr/","무","실외","-"
"강서구","학교체육시설","경서중학교","강서구 가양3동 양천로59길 31","37.561189","126.858638","2668-0304","","http://gyeongseo.ms.kr/","무","실외","-"
"강서구","학교체육시설","가양초등학교","강서구 가양동 허준로 186","37.561762","126.858954","2668-2101","","http://www.kayang.es.kr/","무","실외","-"
"강북구","족구장","오동근린공원 족구장","강북구 번2동 산25-2","37.6284908","127.038191","901-6923","","http://parks.seoul.go.kr/parks/","무","실외","주차 가능(15면)"
"강북구","테니스장","북서울꿈의숲 재활용선별시설 상부","","","","","","","","","-"
"강북구","골프연습장","오동골프클럽","강북구 오현로 117 ","37.6225862","127.0362994","944-2912","72타석","http://www.gangbukcmc.seoul.kr/","유","실내외","주차 가능"
"강북구","생활체육관","강북청소년수련관","강북구 4.19로 74 ","37.645936","127.0063804","6715-6611","","http://nanna.seoul.kr/","유","실내","-"
"강북구","수영장","강북문화예술회관 수영장","강북구 삼각산로 85","37.640776","127.01311","944-3000","932㎡","http://www.gangbukcmc.seoul.kr/","유","실내","10분당 150원"
"강북구","생활체육관","강북문화예술회관","강북구 삼각산로 85","37.640776","127.01311","944-3000","","http://www.gangbukcmc.seoul.kr/","유","실내","10분당 150원"
"강북구","생활체육관","강북웰빙스포츠센터","강북구 오현로 31길 5","37.6303938","127.0377586","944-2901","","http://www.gangbukcmc.seoul.kr/","유","실내","주차 가능"
"강북구","수영장","강북웰빙스포츠센터 수영장","강북구 오현로 31길 5","37.6303938","127.0377586","944-2901","","http://www.gangbukcmc.seoul.kr/","유","실내","주차 가능"
"강북구","학교체육시설","우이초등학교","강북구 인수동 삼양로99길 36","37.638722","127.014898","991-8722","","http://www.wooi.es.kr/","무","실외","-"
"강북구","학교체육시설","수송중학교","강북구 번동 456","37.636975","127.033889","900-5791","","http://www.soosong.ms.kr/","무","실외","-"
"강북구","학교체육시설","수송초등학교","강북구 번동 456","37.637204","127.033317","996-3873","","http://www.soosong.es.kr/","무","실외","-"
"강북구","학교체육시설","미양초등학교","강북구 미아동 솔샘로 195","37.621261","127.013725","989-9467","","http://www.mi-yang.es.kr/","무","실외","-"
"강북구","수영장","강북청소년수련관 수영장","강북구 4.19로 74 ","37.645936","127.0063804","6715-6611","","http://nanna.seoul.kr/","유","실내","-"
"강북구","축구장","강북구민운동장","강북구 오현로 187-25 ","37.6295726","127.037716","944-2914","","http://www.gangbukcmc.seoul.kr/","무","실외","10분당 500원 1시간 3000원 전일(3시간 20분 이후) 10000원"
"강북구","구기체육관","오동근린공원 실내배드민턴장","강북구 덕릉로42길 49","37.6328736","127.0320437","944-2912","8면","http://www.gangbukcmc.seoul.kr/","유","실내","주차 가능(15면)"
"강동구","학교체육시설","길동초등학교","강동구 양재대로116길 69","37.538107","127.144761","475-5591","","http://www.gildong.es.kr/","무","실외","-"
"강동구","생활체육관","온조대왕문화체육관","강동구 고덕로 285","37.5562542","127.1577177","2045-7800","","http://www.onjo.or.kr/","유","실내","주차 가능"
"강동구","생활체육관","해공체육문화센터","강동구 천중로 18길 61","37.5420355","127.1298616","477-2229","","http://haegonggym.igangdong.or.kr/","유","실내","10분당 300원"
"강동구","생활체육관","강동유소년 스포츠센터","강동구 상일로12길 60","37.5506038","127.1718747","3428-7979","","http://igdyouth.or.kr","유","실외","무료"
"강동구","구기체육관","일자산 제1체육관","강동구 동남로 660","37.5330568","127.151191","472-0311","","http://iljasan.igangdong.or.kr","유","실내","-"
"강동구","구기체육관","일자산 제2체육관","강동구 동남로 620","37.5293211","127.149698","474-0319","","http://iljasan.igangdong.or.kr","무","실내","주차 가능"
"강동구","수영장","강동청소년회관수영장","강동구 양재대로138길 41","37.5496994","127.1462174","3426-6211","552.09㎡","http://www.kdyouth.or.kr/","유","실내","주차 가능"
"강동구","수영장","서울장애인복지관 스포츠센터 수영장","강동구 고덕로 201","37.555966","127.148303","441-4204","25m 5개 레인","www.seoulrehab.or.kr ","유","실내","-"
"강동구","수영장","온조대왕문화체육관 수영장","강동구 고덕로 285","37.5562542","127.1577177","2045-7800","971㎡","http://www.onjo.or.kr/","유","실내","주차 가능"
"강동구","족구장","샘터근린공원","강동구 동남로 990","37.5372136","127.15142","3425-6452","6면","-","무","실외","주차 가능"
"강동구","배드민턴장","샘터근린공원","강동구 동남로 990","37.5372136","127.15142","427-3366","5면","-","무","실내","-"
"강동구","수영장","광나루한강공원 수영장","강동구 암사동 624-3","37.5521525","127.1221964","3780-0501","수용인원1200명","http://hangang.seoul.go.kr/archives/46585","무","실외","광나루1~3주차장 이용(359면)"
"강동구","축구장","광나루한강공원 축구장1~2","강동구 암사동 637-4","37.5499421","127.1216882","3780-0501","3면","http://hangang.seoul.go.kr/archives/46586","무","실외","-"
"강동구","배구장","광나루한강공원 배구장","강동구 암사동 637-4","37.5499421","127.1216882","3780-0501","2면","http://hangang.seoul.go.kr/archives/46587","무","실외","광나루1~3주차장 이용(359면)"
"강동구","농구장","광나루한강공원 농구장","강동구 암사동 624-3","37.5521525","127.1221964","3780-0501","4면","http://hangang.seoul.go.kr/archives/46588","무","실외","광나루1~3주차장 이용(359면)"
"강동구","야구장","광나루 성인 야구장","송파구 풍납동 45-3","37.5378693","127.1129382","3780-0501","1면","http://hangang.seoul.go.kr/archives/46589","무","실외","광나루1~3주차장 이용(359면)"
"강동구","야구장","광나루 성인 야구장","강동구 천호동 351-1","37.5464653","127.119443","378-0808","1면","https://yeyak.seoul.go.kr/","무","실외","최초 30분 1000원 초과 10분당 200원"
"강동구","야구장","광나루 어린이 야구장","강동구 천호동 351-1","37.5464653","127.119443","378-0808","1면","https://yeyak.seoul.go.kr/","유","실외","최초 30분 1000원 초과 10분당 200원"
"강동구","족구장","광나루한강공원 족구장","강동구 암사동 624-3","37.5521525","127.1221964","3780-0501","4면","http://hangang.seoul.go.kr/archives/46585","무","실외","광나루1~3주차장 이용(359면)"
"강동구","족구장","광나루한강공원 족구장","강동구 천호동 351-1","37.5464653","127.119443","3780-0501","3면","http://hangang.seoul.go.kr/archives/46586","무","실외","광나루1~3주차장 이용(359면)"
"강동구","농구장","광나루한강공원 농구장","강동구 천호동 351-1","37.5464653","127.119443","3780-0501","6면","http://hangang.seoul.go.kr/archives/46587","무","실외","광나루1~3주차장 이용(359면)"
"강동구","배구장","광나루한강공원 배구장","강동구 천호동 351-1","37.5464653","127.119443","3780-0501","2면","http://hangang.seoul.go.kr/archives/46588","무","실외","광나루1~3주차장 이용(359면)"
"강동구","축구장","인조잔디축구장","강동구 천호동 351-1","37.5464653","127.119443","3780-0501","","http://hangang.seoul.go.kr/archives/46585","무","실외","광나루1~3주차장 이용(359면)"
"강동구","테니스장","한강공원 광나루지구 테니스장","강동구 암사동 637-4","37.5499421","127.1216882","3780-0501","8면","-","유","실외","최초 30분 1000원 초과 10분당 200원"
"강동구","축구장","동명근린공원 인조잔디축구장","강동구 아리수로 78길 43-19","37.5607615","127.16486","2045-7893","7140m²","http://dmsoccer.igangdong.or.kr","유","실외","광나루1~3주차장 이용(359면)"
"강동구","테니스장","강일테니스장","강동구 강일동 157-2","37.574449","127.1648136","2329-7151","10면","-","유","실외","동명근린공원 공영주차장 2020년 완공 예정(181면)"
"강동구","테니스장","강동테니스장","강동구 상일동 135","37.5517031","127.1645763","","6면","-","유","실외","-"
"강동구","테니스장","명일중학교테니스장","강동구 양재대로156길 57","37.557063","127.1477463","070-8650-5813","","www.myungil.ms.kr/","무","실외","-"
"강동구","스크린사격장","명일중학교스크린사격장","강동구 양재대로156길 57","37.557063","127.1477463","070-8650-5813","","www.myungil.ms.kr/","무","실내","-"
"강동구","스크린사격장","고덕중학교 스크린사격장","강동구 동남로 82길 94","37.56008","127.161083","2045-6000","","godeok.ms.kr/","무","실내","-"
"강동구","골프연습장","해공골프연습장","강동구 구천면로 29길 11 ","37.5410386","127.1288401","470-0556","","https://www.igangdong.or.kr/page/ch/ch_0401.asp","유","실외","월회원 6시간 무료 쿠폰회원(60분용) 3시간 무료 시간제(60분) 2시간 무료 시간제(80분) 3시간 무료"
"강동구","인라인스케이트장","광나루 인라인스케이트장","강동구 천호동 481-4","37.5433954","127.1175022","3780-0501","1면","-","무","실외","최초 30분 1000원 초과 10분당 200원"
"강동구","X-게임장","강동 X-게임장","강동구 천호동 481-5","37.5422956","127.1176826","3780-0501","1면","-","무","실외","최초 30분 1000원 초과 10분당 200원"
"강동구","레이싱경기장","한강공원 광나루지구 레이싱경기장","강동구 암사동 624-3","37.5521525","127.1221964","3780-0501","124000㎡","-","무","실외","최초 30분 1000원 초과 10분당 200원"
"강동구","학교체육시설","성일초등학교","강동구 성내로15길 33","37.529085","127.128338","475-4641","","http://www.seongil.es.kr/index.do","무","실외","-"
"강남구 ","축구장","탄천물재생센터축구장","강남구 일원동 4-12","37.495207","127.0895837","-","1면","-","무","실외","주차 가능"
"강남구 ","테니스장","탄천물재생센터테니스장","강남구 일원동 4-12","37.495207","127.0895837","-","2면","-","무","실외","주차 가능"
"강남구","생활체육관","강남구민회관","강남구 삼성로 154","37.4938503","127.0642598","2176-0891","","http://cna.gncity.or.kr/","유","실내","주차 가능"
"강남구","학교체육시설","신구초등학교","강남구 압구정로18길 28","37.523334","127.024022","249-6815","","http://www.shingu.es.kr/","무","실외","-"
"강남구","학교체육시설","대왕초등학교","강남구 헌릉로618길 8","37.464252","127.105153","3412-0122","","http://www.daewang.es.kr/","무","실외","-"
"강남구","학교체육시설","논현초등학교","강남구 강남대로120길 33","37.508387","127.026129","514-6636","","http://www.nonhyun.es.kr/","무","실외","-"
"강남구","학교체육시설","언주초등학교","강남구 남부순환로363길 19","37.486695","127.037155","3462-5285","","http://www.eonju.es.kr/","무","실외","-"
"강남구","학교체육시설","영희초등학교","강남구 일원로 21","37.492235","127.080963","2226-6016","","http://www.younghee.es.kr/","무","실외","-"
"강남구","학교체육시설","언북초등학교","강남구 삼성로135길 42","37.519789","127.045044","514-5981","","http://www.eonbuk.es.kr/","무","실외","-"
"강남구","학교체육시설","포이초등학교","강남구 개포로22길 87","37.476239","127.052808","571-0591","","http://www.poi.es.kr/","무","실외","-"
"강남구","생활체육관","도곡체육문화센터","강남구 선릉로64길 33","37.4993211","127.054928","563-6777","","http://www.wbc4u.com/","유","실내","회원 3시간 무료(성인) 1시간 30분 무료(어린이 회원 차량)"
"강남구","생활체육관","언북문화체육센터","강남구 삼성로135길 42","37.5199257","127.0451","543-5991","","http://eonbuk.kr","유","실내","회원 1시간 30분 무료"
"강남구","골프연습장","수서청소년수련관 골프연습장","강남구 광평로 144","37.4835336","127.0887371","2226-3611~4 ? ?","","http://www.youtra.or.kr/","유","실내","주차 가능"
"강남구","골프연습장","태화기독교사회복지관","강남구 광평로 185","37.484625","127.093223","2040-1600","","www.taiwha.or.kr ","유","실내","주차 가능"
"강남구","골프연습장","강남스포츠문화센터 골프연습장","강남구 밤고개로1길 52","37.4889672","127.1052745","2176-0803","8타석","http://cna.gncity.or.kr/","유","실내","주차 가능"
"강남구","수영장","한강시민공원 잠원수영장","강남구 잠원동 121","37.5206865","127.0122724","536-8563","","-","무","실외","강남구민체육관 주차장 이용"
"강남구","족구장","대치유수지체육공원 족구장","강남구 대치2동 78-24","37.505195 ","127.067699 ","2051-2285","4코트","대치유수지.kr/","무","실외","5분당 200원(99면)"
"강남구","농구장","대치유수지체육공원 농구장","강남구 대치2동 78-24","37.505195 ","127.067699 ","2051-2285","2코트","대치유수지.kr/","무","실외","5분당 200원(99면)"
"강남구","축구장","대치유수지체육공원 축구장","강남구 대치2동 78-24","37.505195 ","127.067699 ","2051-2285","1면","대치유수지.kr/","무","실외","5분당 200원(99면)"
"강남구","테니스장","대치유수지체육공원 테니스장","강남구 대치2동 78-24","37.505195 ","127.067699 ","2051-2285","2면","대치유수지.kr/","무","실외","5분당 200원(99면)"
"강남구","테니스장","포이테니스장","강남구 개포동 1274","37.4755799","127.0554543","2176-0871","3면","http://cna.gncity.or.kr/","유","실외","무료"
"강남구","테니스장","봉은테니스장","강남구 삼성동 75","37.5138721","127.0554775","2176-0890","4면","http://cna.gncity.or.kr/","유","실외","잠원1~6주차장 최초 30분 1000원 초과 10분당 200원(503면)"
"강남구","농구장","잠원한강공원 농구장","강남구 압구정동 386","37.5275007","127.0189266","3780-0531","4면","-","무","실외","잠원1~6주차장 최초 30분 1000원 초과 10분당 200원(503면)"
"강남구","배구장","잠원한강공원 배구장","강남구 압구정동 386","37.5275007","127.0189266","3780-0531","2면","-","무","실외","잠원1~6주차장 최초 30분 1000원 초과 10분당 200원(503면)"
"강남구","수영장","태화기독교사회복지관 수영장","강남구 광평로 185","37.484625","127.093223","2040-1600","","www.taiwha.or.kr ","유","실내","주차 가능"
"강남구","수영장","수서청소년수련관 수영장","강남구 광평로 144","37.4835336","127.0887371","2226-3611~4 ? ?","","http://www.youtra.or.kr/","유","실내","주차 가능"
"강남구","수영장","강남주민편익시설 수영장","강남구 남부순환로 3318","37.4940304","127.0928888","3412-2171","","http://ykasports.com/","유","실내","회원 3시간 무료"
"강남구","수영장","강남구립 역삼청소년수련관 수영장","강남구 논현로64길 7","37.4939252","127.0408998","550-3632","","http://www.gyyc.kr/","유","실내","주차 가능"
"강남구","수영장","강남스포츠문화센터 수영장","강남구 밤고개로1길 52","37.4889672","127.1052745","2176-0803","","http://cna.gncity.or.kr/","유","실내","주차 가능"
"강남구","생활체육관","수서청소년수련관","강남구 광평로 144","37.4835336","127.0887371","2226-3611~4 ? ?","","http://www.youtra.or.kr/","유","실내","주차 가능"
"강남구","생활체육관","역삼청소년수련관","강남구 논현로64길 7","37.4939252","127.0408998","550-3632","","http://www.gyyc.kr/","유","실내","주차 가능"
"강남구","생활체육관","강남주민편익시설","강남구 남부순환로 3318","37.4940304","127.0928888","3412-2171","","http://ykasports.com/","유","실내","회원 3시간 무료"
"강남구","생활체육관","동영문화센터","강남구 언주로 337","37.497839","127.0442979","559-5114","","http://www.dycenter.com/ ","유","실내","최초 30분 4500원 초과 10분당 1700원"
"강남구","생활체육관","대진체육관","강남구 개포로 109길 62","37.4960323","127.0787736","2176-0880","","http://cna.gncity.or.kr/","유","실내","-"
"강남구","생활체육관","강남스포츠문화센터","강남구 밤고개로1길 52","37.4889672","127.1052745","2176-0803","","http://cna.gncity.or.kr/","유","실내","주차 가능"
"강남구","생활체육관","강남구민체육관","강남구 개포로28길 47","37.477093","127.0518862","2176-0871","","http://cna.gncity.or.kr/","유","실내","주차 가능"
"강남구","골프연습장","청담문화센터","강남구 압구정로 79길 26","37.525043","127.049300","2176-0640","","-","유","실내","주차 가능"